YM,Type,Policy_Rate,Yield_2Y,RN_2Y,TP_2Y,Yield_5Y,RN_5Y,TP_5Y,Yield_10Y,RN_10Y,TP_10Y,Yield_20Y,RN_20Y,TP_20Y,Yield_30Y,RN_30Y,TP_30Y,Yield_40Y,RN_40Y,TP_40Y
2002-07,actual,0.001,0.0567,0.0495,0.0072,0.4249,0.1717,0.2532,1.3656,0.325,1.0406,2.1415,0.5052,1.6363,2.3867,0.5749,1.8119,,,
2002-08,actual,0.002,0.0409,0.0552,-0.0143,0.3218,0.1727,0.1491,1.1877,0.3164,0.8713,1.9849,0.4841,1.5008,2.2427,0.5463,1.6964,,,
2002-09,actual,0.067,0.0717,0.0307,0.041,0.3711,0.1118,0.2593,1.1909,0.2351,0.9558,1.9728,0.4061,1.5667,2.1555,0.4822,1.6733,,,
2002-10,actual,0.002,0.0582,0.0692,-0.011,0.287,0.1978,0.0892,0.9945,0.3512,0.6433,1.8075,0.5234,1.2841,2.0798,0.5882,1.4916,,,
2002-11,actual,0.002,0.0733,0.0366,0.0367,0.3163,0.1039,0.2124,1.0053,0.2134,0.7919,1.7762,0.3795,1.3967,1.9335,0.4591,1.4744,,,
2002-12,actual,0.002,0.0643,0.0435,0.0208,0.3112,0.1333,0.1779,0.9101,0.2618,0.6483,1.6704,0.4367,1.2337,1.8517,0.5167,1.335,,,
2003-01,actual,0.001,0.0578,0.0324,0.0254,0.2835,0.089,0.1944,0.8085,0.1921,0.6164,1.413,0.3607,1.0523,1.5288,0.444,1.0848,,,
2003-02,actual,0.001,0.06,0.0266,0.0334,0.2836,0.0807,0.2029,0.7899,0.1826,0.6073,1.4019,0.3517,1.0501,1.5111,0.4367,1.0744,,,
2003-03,actual,0.021,0.0666,0.0172,0.0494,0.2576,0.0578,0.1998,0.6982,0.1532,0.545,1.2275,0.3246,0.903,1.3086,0.4147,0.8939,,,
2003-04,actual,0.002,0.056,0.0325,0.0236,0.2474,0.0913,0.1561,0.6056,0.2026,0.403,0.9983,0.3836,0.6147,1.0928,0.4741,0.6187,,,
2003-05,actual,0.002,0.0448,0.017,0.0278,0.2171,0.0973,0.1198,0.5358,0.2292,0.3066,1.0063,0.4214,0.585,1.1336,0.5161,0.6175,,,
2003-06,actual,0.001,0.0753,0.0501,0.0252,0.4148,0.1579,0.2569,0.8533,0.3124,0.5409,1.2833,0.5129,0.7704,1.4265,0.6023,0.8242,,,
2003-07,actual,0.002,0.0751,0.0655,0.0096,0.3871,0.2071,0.18,0.9668,0.3848,0.582,1.554,0.5907,0.9633,1.7913,0.6763,1.1151,,,
2003-08,actual,0.001,0.1943,0.0853,0.109,0.7716,0.1852,0.5864,1.4827,0.3295,1.1532,1.9528,0.5256,1.4272,2.0733,0.612,1.4613,,,
2003-09,actual,0.013,0.1823,0.0612,0.1211,0.7277,0.1629,0.5648,1.4677,0.3162,1.1515,1.9624,0.5258,1.4366,2.089,0.6233,1.4657,,,
2003-10,actual,0.002,0.1314,0.0762,0.0552,0.7241,0.206,0.5181,1.5348,0.3789,1.1559,2.1204,0.5959,1.5245,2.2935,0.6913,1.6023,,,
2003-11,actual,0.001,0.1243,0.0863,0.0381,0.6602,0.2427,0.4175,1.3824,0.4383,0.9441,1.9182,0.664,1.2542,2.1363,0.758,1.3782,,,
2003-12,actual,0.001,0.1004,0.0872,0.0132,0.6754,0.2407,0.4348,1.4391,0.4333,1.0059,1.9631,0.6598,1.3033,2.1705,0.7548,1.4157,,,
2004-01,actual,0.001,0.0667,0.0597,0.007,0.6108,0.2114,0.3993,1.4104,0.4062,1.0042,1.9765,0.6374,1.3391,2.1865,0.737,1.4495,,,
2004-02,actual,0.001,0.0555,0.1063,-0.0508,0.5501,0.295,0.2551,1.3466,0.5121,0.8345,1.9176,0.745,1.1726,2.2144,0.8351,1.3793,,,
2004-03,actual,0.005,0.1224,0.1187,0.0037,0.7314,0.3328,0.3986,1.5318,0.5755,0.9563,2.019,0.8197,1.1993,2.3227,0.908,1.4147,,,
2004-04,actual,0.001,0.136,0.1282,0.0078,0.7984,0.3886,0.4098,1.6466,0.673,0.9736,2.1534,0.9371,1.2163,2.5209,1.0263,1.4945,,,
2004-05,actual,0.002,0.1379,0.1128,0.0251,0.8013,0.3452,0.4561,1.6569,0.6073,1.0496,2.1679,0.8634,1.3045,2.4888,0.9551,1.5337,,,
2004-06,actual,0.002,0.1716,0.141,0.0306,0.9405,0.3626,0.5778,1.895,0.6113,1.2837,2.402,0.8629,1.5391,2.703,0.9538,1.7491,,,
2004-07,actual,0.001,0.211,0.1221,0.0888,1.016,0.3705,0.6455,1.9878,0.6488,1.3389,2.557,0.914,1.643,2.8841,1.0073,1.8768,,,
2004-08,actual,0.001,0.1493,0.1516,-0.0023,0.8186,0.419,0.3996,1.697,0.7065,0.9904,2.2481,0.9746,1.2735,2.6397,1.0666,1.5732,,,
2004-09,actual,0.005,0.1299,0.152,-0.0221,0.7419,0.4175,0.3244,1.569,0.7022,0.8668,2.1411,0.9686,1.1725,2.5402,1.0612,1.4791,,,
2004-10,actual,0.002,0.1204,0.1585,-0.0381,0.7531,0.4642,0.2889,1.6249,0.7831,0.8417,2.1795,1.0614,1.1181,2.6402,1.149,1.4912,,,
2004-11,actual,0.001,0.1022,0.1493,-0.0472,0.7203,0.4546,0.2656,1.5973,0.7774,0.8199,2.1428,1.0666,1.0762,2.6026,1.1639,1.4386,,,
2004-12,actual,0.002,0.1026,0.1432,-0.0406,0.7095,0.4361,0.2733,1.5643,0.7501,0.8141,2.1159,1.0392,1.0767,2.5549,1.1411,1.4138,,,
2005-01,actual,0.001,0.0856,0.1506,-0.065,0.6324,0.4539,0.1785,1.4599,0.7729,0.687,2.0428,1.0597,0.9831,2.5155,1.1576,1.3579,,,
2005-02,actual,0.001,0.1242,0.1542,-0.03,0.7556,0.4665,0.2891,1.5987,0.7978,0.8009,2.1384,1.0954,1.043,2.601,1.1979,1.4031,,,
2005-03,actual,0.022,0.0985,0.1295,-0.031,0.6232,0.3976,0.2256,1.4555,0.6943,0.7612,2.0189,0.9832,1.0357,2.436,1.0945,1.3415,,,
2005-04,actual,0.001,0.0724,0.1413,-0.0688,0.5151,0.4292,0.0859,1.3648,0.7397,0.6252,1.9432,1.0352,0.908,2.4204,1.1474,1.273,,,
2005-05,actual,0.002,0.0756,0.1453,-0.0697,0.5161,0.4405,0.0756,1.387,0.7557,0.6313,1.9785,1.0509,0.9276,2.4726,1.1603,1.3123,,,
2005-06,actual,0.001,0.0687,0.1317,-0.063,0.4622,0.4138,0.0484,1.2845,0.7206,0.5638,1.917,1.0156,0.9014,2.393,1.1309,1.2621,,,
2005-07,actual,0.001,0.1105,0.1598,-0.0493,0.6137,0.4683,0.1454,1.4481,0.796,0.6521,2.0721,1.0975,0.9746,2.5687,1.2087,1.3599,,,
2005-08,actual,0.001,0.1389,0.1501,-0.0112,0.6538,0.4418,0.212,1.4881,0.7591,0.729,2.0913,1.0618,1.0295,2.5544,1.1793,1.3751,,,
2005-09,actual,0.004,0.2306,0.147,0.0837,0.8603,0.4557,0.4046,1.5947,0.793,0.8017,2.1192,1.0994,1.0198,2.5577,1.2113,1.3464,,,
2005-10,actual,0,0.2875,0.1474,0.1401,0.9283,0.4588,0.4696,1.6807,0.8041,0.8766,2.1382,1.121,1.0172,2.5764,1.2398,1.3366,,,
2005-11,actual,0.001,0.2323,0.1572,0.075,0.8263,0.487,0.3393,1.5756,0.8427,0.7329,2.0707,1.1579,0.9128,2.554,1.2701,1.2839,,,
2005-12,actual,0.004,0.284,0.2137,0.0703,0.9039,0.4981,0.4059,1.5855,0.8037,0.7818,2.0461,1.0953,0.9508,2.4694,1.2049,1.2645,,,
2006-01,actual,0.001,0.3103,0.2298,0.0805,0.9726,0.5218,0.4508,1.6724,0.832,0.8404,2.1095,1.1219,0.9877,2.5389,1.2267,1.3123,,,
2006-02,actual,0.002,0.4918,0.3101,0.1817,1.1472,0.5277,0.6195,1.6845,0.7664,0.9181,2.0315,1.0249,1.0066,2.3554,1.1312,1.2241,,,
2006-03,actual,0.004,0.675,0.3989,0.2761,1.34,0.5583,0.7816,1.8272,0.7367,1.0905,2.0826,0.9645,1.1181,2.3399,1.0665,1.2735,,,
2006-04,actual,0.006,0.6625,0.4367,0.2258,1.4024,0.6111,0.7914,2.0076,0.7932,1.2144,2.2739,1.0162,1.2577,2.563,1.1085,1.4546,,,
2006-05,actual,0.021,0.83,0.5382,0.2918,1.3727,0.6431,0.7296,1.9127,0.7573,1.1554,2.2184,0.9415,1.2769,2.4727,1.0299,1.4428,,,
2006-06,actual,0.027,0.8583,0.5747,0.2836,1.4433,0.6962,0.7471,1.9941,0.8202,1.1738,2.3439,0.9981,1.3458,2.6232,1.0756,1.5476,,,
2006-07,actual,0.267,0.8645,0.5723,0.2921,1.4324,0.693,0.7394,2.0003,0.8297,1.1707,2.3958,1.0114,1.3843,2.678,1.0876,1.5904,,,
2006-08,actual,0.266,0.6782,0.4654,0.2128,1.1284,0.6227,0.5057,1.7032,0.8044,0.8987,2.1986,1.017,1.1816,2.5349,1.1068,1.4281,,,
2006-09,actual,0.339,0.6937,0.5017,0.192,1.145,0.656,0.489,1.7357,0.8333,0.9023,2.232,1.0399,1.1922,2.5761,1.1246,1.4515,,,
2006-10,actual,0.256,0.7661,0.5708,0.1954,1.212,0.7062,0.5057,1.7797,0.849,0.9308,2.2389,1.0295,1.2094,2.5791,1.1023,1.4768,,,
2006-11,actual,0.271,0.8481,0.5915,0.2566,1.2185,0.6956,0.5229,1.7102,0.8149,0.8953,2.1659,0.9788,1.1871,2.4662,1.0483,1.4179,,,
2006-12,actual,0.275,0.8936,0.6183,0.2753,1.3021,0.7256,0.5764,1.7483,0.8474,0.9009,2.1456,1.0075,1.1381,2.4361,1.0714,1.3646,,,
2007-01,actual,0.282,0.7939,0.5573,0.2366,1.2188,0.6795,0.5393,1.7418,0.8185,0.9233,2.1906,0.9923,1.1984,2.4969,1.0616,1.4353,,,
2007-02,actual,0.589,0.9246,0.6252,0.2994,1.2139,0.7082,0.5056,1.6596,0.8277,0.832,2.1047,0.9881,1.1165,2.3892,1.0555,1.3337,,,
2007-03,actual,0.715,0.9053,0.6328,0.2725,1.1935,0.7321,0.4613,1.6692,0.8674,0.8018,2.1358,1.0296,1.1062,2.4543,1.0904,1.3639,,,
2007-04,actual,0.539,0.9343,0.6909,0.2434,1.2023,0.7691,0.4332,1.6393,0.8661,0.7732,2.1081,1.0021,1.1061,2.4146,1.0536,1.361,,,
2007-05,actual,0.544,1.045,0.7822,0.2628,1.3464,0.8271,0.5193,1.7513,0.8824,0.8689,2.1774,0.9891,1.1883,2.4484,1.0285,1.4199,,,
2007-06,actual,0.605,1.0968,0.8331,0.2637,1.4604,0.8827,0.5777,1.8717,0.9386,0.9332,2.2896,1.0373,1.2523,2.5656,1.067,1.4987,,,
2007-07,actual,0.516,1.0283,0.8299,0.1984,1.3707,0.8781,0.4926,1.7955,0.9247,0.8708,2.2699,1.0126,1.2573,2.5495,1.0358,1.5137,,,
2007-08,actual,0.498,0.9442,0.7175,0.2267,1.176,0.7751,0.4009,1.6131,0.8432,0.7699,2.1894,0.9508,1.2386,2.486,0.9883,1.4977,,,
2007-09,actual,0.675,0.8897,0.7007,0.189,1.195,0.7858,0.4092,1.6737,0.8857,0.788,2.2465,1.0036,1.2429,2.5652,1.0346,1.5306,,,
2007-10,actual,0.524,0.8351,0.6761,0.159,1.0971,0.7628,0.3344,1.618,0.8539,0.7641,2.2606,0.9635,1.2971,2.598,0.9911,1.6069,,,
2007-11,actual,0.52,0.8276,0.6141,0.2135,1.0414,0.6815,0.3599,1.4946,0.766,0.7286,2.1307,0.8766,1.2541,2.4219,0.9107,1.5112,2.5489,0.9667,1.5823
2007-12,actual,0.459,0.7696,0.5547,0.215,1.0136,0.6319,0.3817,1.4944,0.73,0.7644,2.1679,0.8522,1.3156,2.4514,0.8929,1.5585,2.583,0.9525,1.6305
2008-01,actual,0.508,0.6491,0.4476,0.2015,0.9073,0.5586,0.3487,1.442,0.7023,0.7396,2.1719,0.8497,1.3221,2.4753,0.896,1.5793,2.694,0.9556,1.7384
2008-02,actual,0.512,0.6551,0.4427,0.2124,0.8531,0.5377,0.3154,1.3772,0.668,0.7091,2.0916,0.8059,1.2857,2.3808,0.8493,1.5314,2.6149,0.9092,1.7057
2008-03,actual,0.641,0.6241,0.4136,0.2106,0.7494,0.5019,0.2475,1.2919,0.6327,0.6593,2.2075,0.7728,1.4347,2.5128,0.8221,1.6907,2.7675,0.8868,1.8808
2008-04,actual,0.522,0.8294,0.5748,0.2546,1.1509,0.6751,0.4759,1.5897,0.7911,0.7987,2.2661,0.9033,1.3628,2.5644,0.9249,1.6394,2.7679,0.9697,1.7982
2008-05,actual,0.527,0.9377,0.6275,0.3102,1.3564,0.6732,0.6832,1.7816,0.7337,1.0479,2.3749,0.8155,1.5594,2.5811,0.8292,1.7519,2.734,0.8754,1.8586
2008-06,actual,0.572,0.9039,0.5998,0.3042,1.1859,0.6344,0.5516,1.6277,0.687,0.9407,2.2818,0.7627,1.519,2.5076,0.7757,1.7319,2.655,0.8234,1.8316
2008-07,actual,0.519,0.84,0.562,0.278,1.1215,0.6092,0.5123,1.5626,0.6742,0.8884,2.2961,0.7561,1.54,2.5289,0.7713,1.7576,2.7178,0.8199,1.898
2008-08,actual,0.516,0.7507,0.5259,0.2247,0.9932,0.5767,0.4165,1.4456,0.6453,0.8003,2.1883,0.7257,1.4626,2.4268,0.7375,1.6893,2.6284,0.7843,1.8441
2008-09,actual,0.544,0.787,0.4802,0.3068,1.0653,0.5133,0.552,1.4966,0.5757,0.9209,2.2205,0.6558,1.5647,2.4059,0.6711,1.7348,2.6019,0.7222,1.8797
2008-10,actual,0.384,0.563,0.2575,0.3054,0.8961,0.2888,0.6074,1.503,0.3682,1.1348,2.2468,0.4836,1.7632,2.375,0.527,1.8481,2.5676,0.599,1.9686
2008-11,actual,0.318,0.6716,0.2579,0.4137,0.9083,0.262,0.6463,1.4616,0.3185,1.1431,2.1951,0.4279,1.7672,2.3042,0.479,1.8252,2.4208,0.5593,1.8615
2008-12,actual,0.103,0.4241,0.0751,0.349,0.7139,0.1116,0.6023,1.2221,0.2068,1.0153,1.8099,0.3563,1.4536,1.8906,0.4278,1.4628,2.059,0.5198,1.5392
2009-01,actual,0.128,0.4399,0.115,0.3249,0.7559,0.1464,0.6095,1.3428,0.2319,1.1109,1.9853,0.3731,1.6122,2.0748,0.4401,1.6348,2.2198,0.5295,1.6903
2009-02,actual,0.109,0.4281,0.1059,0.3222,0.7265,0.1424,0.5841,1.3438,0.2316,1.1122,1.99,0.3747,1.6153,2.095,0.4418,1.6533,2.123,0.531,1.592
2009-03,actual,0.088,0.4275,0.1271,0.3004,0.8016,0.1886,0.613,1.4087,0.2935,1.1152,2.0266,0.4352,1.5913,2.1531,0.4919,1.6613,2.2057,0.5716,1.6341
2009-04,actual,0.113,0.3881,0.129,0.2591,0.8415,0.2159,0.6255,1.4648,0.3408,1.124,2.1091,0.4853,1.6238,2.2566,0.5341,1.7225,2.2812,0.606,1.6752
2009-05,actual,0.099,0.3621,0.1302,0.2319,0.8583,0.1939,0.6644,1.5441,0.2983,1.2458,2.2422,0.4406,1.8016,2.3517,0.4965,1.8552,2.3118,0.5757,1.7362
2009-06,actual,0.11,0.3216,0.1338,0.1877,0.7323,0.2043,0.5279,1.3951,0.3111,1.084,2.1495,0.4511,1.6984,2.2935,0.5046,1.789,2.3337,0.582,1.7518
2009-07,actual,0.105,0.3044,0.1442,0.1602,0.7335,0.2312,0.5023,1.4657,0.3481,1.1176,2.2498,0.4874,1.7624,2.4285,0.5347,1.8939,2.5254,0.6064,1.919
2009-08,actual,0.11,0.2416,0.1307,0.1109,0.636,0.2467,0.3893,1.3931,0.3672,1.0259,2.1914,0.4812,1.7102,2.34,0.5028,1.8372,2.405,0.5679,1.837
2009-09,actual,0.103,0.2404,0.1423,0.0981,0.6062,0.3037,0.3024,1.3622,0.4376,0.9246,2.1605,0.5219,1.6386,2.3082,0.509,1.7991,2.3229,0.56,1.763
2009-10,actual,0.112,0.2632,0.1599,0.1033,0.6973,0.3757,0.3217,1.4803,0.5386,0.9418,2.2253,0.6135,1.6118,2.3581,0.5785,1.7796,2.4214,0.6204,1.8011
2009-11,actual,0.113,0.2318,0.1511,0.0806,0.5798,0.4029,0.1769,1.3672,0.5802,0.787,2.1298,0.646,1.4837,2.2558,0.5988,1.657,2.2909,0.6408,1.6501
2009-12,actual,0.094,0.1397,0.128,0.0116,0.4924,0.4544,0.038,1.3686,0.68,0.6885,2.2104,0.7521,1.4583,2.3693,0.6917,1.6776,2.3978,0.7287,1.6691
2010-01,actual,0.095,0.1524,0.138,0.0144,0.5149,0.452,0.063,1.4069,0.6669,0.74,2.2275,0.7332,1.4943,2.3858,0.6704,1.7154,2.4156,0.7053,1.7102
2010-02,actual,0.097,0.1518,0.1353,0.0165,0.5253,0.4513,0.074,1.3999,0.6653,0.7346,2.2528,0.7266,1.5262,2.395,0.6603,1.7346,2.4231,0.695,1.7281
2010-03,actual,0.082,0.1651,0.1323,0.0328,0.5688,0.4717,0.0971,1.4833,0.6975,0.7857,2.2852,0.7551,1.5302,2.4102,0.6798,1.7304,2.3877,0.7124,1.6754
2010-04,actual,0.096,0.1553,0.1153,0.04,0.4737,0.4211,0.0526,1.3735,0.6209,0.7526,2.1681,0.671,1.497,2.2619,0.601,1.6608,2.2472,0.6407,1.6065
2010-05,actual,0.089,0.1579,0.1037,0.0542,0.4508,0.3929,0.0579,1.371,0.5816,0.7894,2.1492,0.6331,1.5161,2.2234,0.57,1.6534,2.2183,0.6158,1.6025
2010-06,actual,0.096,0.1389,0.0914,0.0475,0.3431,0.3396,0.0035,1.1707,0.5074,0.6633,1.9342,0.5604,1.3737,2.0413,0.5064,1.5349,2.0581,0.5516,1.5064
2010-07,actual,0.098,0.1374,0.0853,0.0521,0.3541,0.3074,0.0467,1.1623,0.4632,0.6992,1.8407,0.5224,1.3183,1.9344,0.4776,1.4568,1.9825,0.5261,1.4564
2010-08,actual,0.095,0.1162,0.0692,0.047,0.2791,0.2837,-0.0046,1.0801,0.4376,0.6426,1.7632,0.5032,1.26,1.8676,0.4661,1.4015,1.8702,0.5188,1.3514
2010-09,actual,0.113,0.1312,0.0756,0.0557,0.262,0.2837,-0.0217,1.0382,0.4345,0.6037,1.8041,0.4971,1.307,1.9414,0.4593,1.4821,1.9329,0.5087,1.4242
2010-10,actual,0.093,0.1335,0.1006,0.0329,0.3015,0.3106,-0.0092,1.0353,0.4651,0.5702,1.9243,0.5331,1.3912,2.0985,0.4997,1.5987,2.137,0.5466,1.5904
2010-11,actual,0.09,0.1908,0.1195,0.0713,0.4626,0.3531,0.1095,1.2991,0.5133,0.7858,2.0794,0.5713,1.5082,2.1896,0.5247,1.6649,2.1925,0.5713,1.6212
2010-12,actual,0.079,0.165,0.1048,0.0602,0.4022,0.3451,0.0572,1.2012,0.5049,0.6963,1.9964,0.5551,1.4412,2.0895,0.5026,1.5869,2.12,0.5491,1.5709
2011-01,actual,0.087,0.1941,0.1238,0.0704,0.4922,0.395,0.0972,1.3029,0.5813,0.7215,2.0991,0.6409,1.4583,2.2332,0.5848,1.6484,2.3071,0.6245,1.6826
2011-02,actual,0.091,0.2347,0.1274,0.1073,0.5651,0.4107,0.1544,1.3542,0.6029,0.7513,2.1094,0.6594,1.45,2.2119,0.5986,1.6133,2.3487,0.6385,1.7102
2011-03,actual,0.062,0.1938,0.1069,0.0869,0.4948,0.3817,0.1131,1.3418,0.5725,0.7692,2.1579,0.6398,1.5181,2.2842,0.5908,1.6934,2.4672,0.636,1.8312
2011-04,actual,0.064,0.1883,0.0947,0.0935,0.4728,0.3487,0.1242,1.3026,0.5273,0.7753,2.1266,0.5952,1.5313,2.2478,0.5522,1.6956,2.425,0.6003,1.8247
2011-05,actual,0.067,0.1713,0.0971,0.0742,0.4442,0.3403,0.1039,1.2524,0.5166,0.7358,2.0468,0.5936,1.4533,2.1765,0.5595,1.617,2.3604,0.6104,1.75
2011-06,actual,0.067,0.1657,0.1027,0.063,0.4346,0.3464,0.0882,1.2157,0.5237,0.692,1.9918,0.5978,1.394,2.1413,0.5591,1.5822,2.3592,0.6046,1.7546
2011-07,actual,0.078,0.1559,0.1001,0.0558,0.3869,0.3153,0.0716,1.1775,0.4796,0.6979,1.9666,0.562,1.4047,2.1384,0.5363,1.602,2.412,0.5859,1.8262
2011-08,actual,0.075,0.1351,0.0897,0.0454,0.3667,0.3038,0.0628,1.1383,0.4731,0.6652,1.9389,0.5646,1.3743,2.1238,0.5456,1.5782,2.4713,0.5966,1.8747
2011-09,actual,0.075,0.1407,0.093,0.0478,0.3982,0.3131,0.0851,1.0967,0.4912,0.6055,1.8232,0.5884,1.2349,2.0101,0.5698,1.4403,2.2488,0.6182,1.6306
2011-10,actual,0.081,0.1477,0.0996,0.0481,0.4154,0.3162,0.0993,1.1189,0.4941,0.6248,1.8762,0.5992,1.277,2.0605,0.5896,1.4709,2.4122,0.643,1.7692
2011-11,actual,0.081,0.1453,0.0778,0.0675,0.4322,0.2981,0.1341,1.1471,0.4785,0.6686,1.893,0.5815,1.3115,2.0512,0.5692,1.482,2.3562,0.6236,1.7326
2011-12,actual,0.075,0.1357,0.0705,0.0652,0.3639,0.2522,0.1118,1.0428,0.4085,0.6344,1.8222,0.514,1.3082,1.9726,0.5156,1.457,2.269,0.5778,1.6912
2012-01,actual,0.075,0.1336,0.0856,0.048,0.3602,0.2671,0.0931,1.0266,0.4215,0.605,1.8229,0.5256,1.2973,1.9837,0.5264,1.4572,2.2904,0.5873,1.7031
2012-02,actual,0.081,0.1103,0.0906,0.0197,0.3348,0.2806,0.0541,1.0265,0.4418,0.5847,1.8391,0.5522,1.2869,2.011,0.5566,1.4544,2.2908,0.6193,1.6715
2012-03,actual,0.076,0.1179,0.1004,0.0175,0.3453,0.3061,0.0392,1.0267,0.4754,0.5513,1.8439,0.5852,1.2586,2.0163,0.5862,1.4301,2.2478,0.6479,1.5999
2012-04,actual,0.08,0.1106,0.0946,0.016,0.2846,0.2673,0.0173,0.9386,0.4167,0.5218,1.7953,0.525,1.2703,1.9851,0.5328,1.4522,2.2333,0.5959,1.6374
2012-05,actual,0.095,0.1025,0.0799,0.0226,0.2527,0.2238,0.0289,0.8833,0.3609,0.5224,1.7229,0.4812,1.2417,1.8963,0.5068,1.3895,2.1519,0.5796,1.5723
2012-06,actual,0.076,0.102,0.1005,0.0015,0.2374,0.2618,-0.0244,0.8664,0.4134,0.453,1.7649,0.5393,1.2256,2.0087,0.5635,1.4452,2.2998,0.6297,1.6701
2012-07,actual,0.09,0.1003,0.0884,0.012,0.218,0.2364,-0.0184,0.8294,0.3826,0.4468,1.7044,0.513,1.1914,1.9311,0.5444,1.3867,2.2148,0.6154,1.5994
2012-08,actual,0.093,0.0986,0.1026,-0.004,0.2334,0.261,-0.0276,0.8467,0.4164,0.4303,1.7518,0.5542,1.1976,1.9969,0.5891,1.4078,2.3098,0.6603,1.6495
2012-09,actual,0.078,0.1005,0.1023,-0.0018,0.2134,0.2642,-0.0507,0.7949,0.4151,0.3798,1.7544,0.5426,1.2118,1.9862,0.5712,1.415,2.2506,0.6419,1.6087
2012-10,actual,0.089,0.0982,0.1075,-0.0093,0.2134,0.2849,-0.0715,0.8017,0.4467,0.3551,1.8033,0.5774,1.2258,2.0478,0.6055,1.4422,2.3212,0.6758,1.6453
2012-11,actual,0.091,0.098,0.1052,-0.0072,0.189,0.2696,-0.0805,0.7456,0.4266,0.319,1.7869,0.5643,1.2226,2.0403,0.6023,1.438,2.2972,0.6768,1.6204
2012-12,actual,0.076,0.0976,0.0899,0.0077,0.1974,0.2757,-0.0783,0.8244,0.4383,0.3862,1.8635,0.5688,1.2946,2.0653,0.5998,1.4655,2.2845,0.679,1.6055
2013-01,actual,0.082,0.0657,0.0865,-0.0207,0.1615,0.2635,-0.102,0.7808,0.4195,0.3613,1.8836,0.5513,1.3323,2.0809,0.5872,1.4937,2.3021,0.6698,1.6323
2013-02,actual,0.083,0.0451,0.0756,-0.0306,0.1281,0.2352,-0.1071,0.6923,0.3821,0.3102,1.7463,0.5194,1.2269,1.9165,0.5646,1.3519,2.114,0.6533,1.4608
2013-03,actual,0.058,0.0529,0.0764,-0.0234,0.1323,0.2179,-0.0857,0.5775,0.3532,0.2243,1.4956,0.4887,1.0069,1.6374,0.5355,1.1018,1.7481,0.6245,1.1236
2013-04,actual,0.071,0.1211,0.0991,0.022,0.2435,0.2482,-0.0047,0.6115,0.3869,0.2246,1.6023,0.5199,1.0824,1.7295,0.5655,1.164,1.7753,0.6544,1.1209
2013-05,actual,0.073,0.14,0.1084,0.0316,0.3664,0.318,0.0483,0.8746,0.4964,0.3782,1.7127,0.6348,1.0779,1.8311,0.6658,1.1653,1.95,0.7488,1.2012
2013-06,actual,0.07,0.1301,0.105,0.0251,0.3043,0.3063,-0.0019,0.8526,0.4719,0.3807,1.8073,0.6014,1.2059,1.9213,0.6319,1.2895,1.9947,0.7185,1.2762
2013-07,actual,0.073,0.1157,0.0979,0.0179,0.2795,0.2875,-0.008,0.8093,0.4448,0.3645,1.8153,0.5744,1.2408,1.9132,0.61,1.3032,1.9758,0.7011,1.2747
2013-08,actual,0.072,0.1117,0.0919,0.0199,0.256,0.2634,-0.0073,0.7491,0.4145,0.3346,1.7607,0.5548,1.2059,1.8614,0.604,1.2574,1.9627,0.701,1.2617
2013-09,actual,0.062,0.1071,0.0856,0.0216,0.2223,0.2479,-0.0256,0.695,0.3966,0.2984,1.6908,0.5438,1.147,1.7985,0.601,1.1975,1.8874,0.7015,1.1859
2013-10,actual,0.072,0.1016,0.0799,0.0217,0.1882,0.206,-0.0178,0.6114,0.3327,0.2786,1.6347,0.4781,1.1567,1.7427,0.5427,1.2,1.8111,0.6453,1.1658
2013-11,actual,0.071,0.0864,0.0813,0.0051,0.177,0.2218,-0.0448,0.6232,0.3622,0.261,1.6305,0.5174,1.1132,1.7584,0.5853,1.1731,1.8497,0.688,1.1617
2013-12,actual,0.068,0.1022,0.0872,0.015,0.2418,0.2724,-0.0306,0.7497,0.4382,0.3115,1.7033,0.5901,1.1132,1.8207,0.6436,1.1772,1.869,0.7414,1.1276
2014-01,actual,0.071,0.088,0.0861,0.0019,0.1888,0.2334,-0.0447,0.6371,0.3839,0.2532,1.5946,0.5515,1.043,1.7353,0.6264,1.1089,1.8074,0.731,1.0764
2014-02,actual,0.072,0.0766,0.0874,-0.0108,0.1753,0.2392,-0.0639,0.605,0.3937,0.2113,1.5951,0.5628,1.0323,1.7491,0.6377,1.1115,1.8201,0.7409,1.0791
2014-03,actual,0.044,0.0932,0.0906,0.0026,0.2006,0.2582,-0.0575,0.6422,0.4237,0.2184,1.6426,0.5969,1.0457,1.8074,0.6718,1.1356,1.8868,0.7749,1.1119
2014-04,actual,0.065,0.0952,0.0912,0.004,0.1986,0.24,-0.0414,0.6334,0.3976,0.2358,1.6299,0.5749,1.055,1.8075,0.6561,1.1514,1.9032,0.7599,1.1433
2014-05,actual,0.069,0.0953,0.0899,0.0055,0.1911,0.2219,-0.0308,0.6039,0.3714,0.2325,1.6021,0.5505,1.0516,1.7871,0.6364,1.1507,1.8935,0.7406,1.153
2014-06,actual,0.058,0.078,0.0952,-0.0172,0.1645,0.2257,-0.0612,0.5757,0.38,0.1958,1.5478,0.5703,0.9775,1.766,0.6637,1.1023,1.9086,0.7679,1.1407
2014-07,actual,0.065,0.0742,0.0944,-0.0203,0.1573,0.2197,-0.0624,0.5571,0.3722,0.185,1.5404,0.5609,0.9794,1.7739,0.6529,1.1209,1.8967,0.754,1.1427
2014-08,actual,0.07,0.0778,0.098,-0.0202,0.1672,0.2147,-0.0475,0.5202,0.3682,0.152,1.4732,0.5679,0.9054,1.7171,0.6693,1.0478,1.8986,0.7723,1.1264
2014-09,actual,0.029,0.0798,0.1024,-0.0226,0.1768,0.2297,-0.0529,0.5312,0.3861,0.1451,1.4737,0.585,0.8887,1.7064,0.6851,1.0214,1.8657,0.7895,1.0761
2014-10,actual,0.06,0.032,0.0965,-0.0645,0.1362,0.2173,-0.0811,0.4708,0.3797,0.0912,1.4119,0.5913,0.8206,1.6848,0.699,0.9858,1.8724,0.8012,1.0712
2014-11,actual,0.067,0.0119,0.0756,-0.0637,0.1055,0.1803,-0.0748,0.4386,0.3189,0.1196,1.3262,0.5111,0.8151,1.4999,0.6115,0.8884,1.6533,0.7205,0.9328
2014-12,actual,0.066,-0.0394,0.0692,-0.1086,0.0105,0.1637,-0.1533,0.323,0.297,0.026,1.162,0.4945,0.6675,1.3351,0.6017,0.7334,1.4661,0.7145,0.7516
2015-01,actual,0.071,0.0119,0.0769,-0.065,0.0486,0.171,-0.1224,0.2931,0.3094,-0.0163,1.1679,0.5081,0.6598,1.38,0.6145,0.7654,1.5062,0.7218,0.7844
2015-02,actual,0.074,0.0146,0.0915,-0.077,0.077,0.2008,-0.1238,0.3575,0.3476,0.0099,1.2846,0.5471,0.7375,1.507,0.6512,0.8558,1.6602,0.7573,0.9029
2015-03,actual,0.015,0.0424,0.0963,-0.0538,0.1408,0.2205,-0.0797,0.4043,0.3696,0.0347,1.2444,0.5612,0.6833,1.4227,0.6567,0.766,1.5447,0.7627,0.782
2015-04,actual,0.063,0.0013,0.0872,-0.0859,0.0915,0.2065,-0.115,0.3433,0.3565,-0.0132,1.2431,0.5542,0.6889,1.429,0.6559,0.7731,1.5845,0.7642,0.8203
2015-05,actual,0.073,-0.0048,0.0908,-0.0956,0.113,0.2198,-0.1068,0.413,0.3775,0.0356,1.3433,0.5764,0.7669,1.5473,0.6751,0.8722,1.6995,0.7801,0.9194
2015-06,actual,0.011,0,0.0982,-0.0982,0.1189,0.248,-0.1291,0.459,0.4132,0.0458,1.324,0.6082,0.7158,1.5254,0.6995,0.826,1.6674,0.8026,0.8647
2015-07,actual,0.064,0.0002,0.0981,-0.0979,0.0999,0.2303,-0.1304,0.4221,0.3888,0.0333,1.2932,0.586,0.7072,1.5052,0.6817,0.8235,1.6428,0.7849,0.8579
2015-08,actual,0.071,-0.0004,0.0962,-0.0966,0.0819,0.2246,-0.1427,0.3995,0.3759,0.0236,1.293,0.5616,0.7314,1.4995,0.6492,0.8503,1.6385,0.7492,0.8893
2015-09,actual,0.01,0.0019,0.0858,-0.0839,0.0697,0.2011,-0.1314,0.3519,0.3428,0.0091,1.2736,0.5308,0.7428,1.4671,0.6266,0.8406,1.6092,0.7322,0.877
2015-10,actual,0.074,0.0032,0.0841,-0.0808,0.0528,0.19,-0.1372,0.3111,0.329,-0.0178,1.2188,0.5151,0.7038,1.4173,0.6093,0.808,1.5678,0.7125,0.8553
2015-11,actual,0.076,-0.0113,0.0836,-0.0949,0.0514,0.1868,-0.1354,0.3211,0.3268,-0.0058,1.2285,0.5141,0.7144,1.4483,0.6074,0.8408,1.6034,0.7068,0.8966
2015-12,actual,0.038,-0.0423,0.0971,-0.1393,0.0148,0.196,-0.1812,0.2669,0.336,-0.0691,1.1056,0.5332,0.5723,1.3517,0.6339,0.7178,1.4828,0.7335,0.7492
2016-01,actual,0.066,-0.0739,-0.0162,-0.0578,-0.0767,0.0702,-0.1469,0.1085,0.2197,-0.1112,0.939,0.4344,0.5046,1.1576,0.551,0.6067,1.3051,0.6606,0.6445
2016-02,actual,-0.001,-0.236,-0.1527,-0.0834,-0.2604,-0.0612,-0.1992,-0.0626,0.124,-0.1866,0.6868,0.3804,0.3064,0.9576,0.5197,0.4379,1.0987,0.6323,0.4663
2016-03,actual,-0.002,-0.2173,-0.1818,-0.0355,-0.2045,-0.1417,-0.0628,-0.0468,-0.0055,-0.0412,0.5212,0.2272,0.2939,0.5864,0.3662,0.2202,0.6579,0.4958,0.1622
2016-04,actual,-0.056,-0.2553,-0.1927,-0.0627,-0.2132,-0.1303,-0.0829,-0.0762,0.0115,-0.0877,0.3412,0.2413,0.1,0.3755,0.3726,0.0029,0.4232,0.5023,-0.0791
2016-05,actual,-0.054,-0.2512,-0.2144,-0.0369,-0.2665,-0.1619,-0.1046,-0.1088,-0.0239,-0.0849,0.2887,0.2055,0.0832,0.3348,0.3381,-0.0033,0.3713,0.4682,-0.0969
2016-06,actual,-0.064,-0.3047,-0.2509,-0.0538,-0.3223,-0.2366,-0.0857,-0.2374,-0.1102,-0.1272,0.1031,0.1359,-0.0328,0.1489,0.2879,-0.139,0.1629,0.4235,-0.2606
2016-07,actual,-0.046,-0.2531,-0.1729,-0.0802,-0.2445,-0.1642,-0.0803,-0.1714,-0.0521,-0.1193,0.2267,0.1791,0.0476,0.2858,0.3221,-0.0363,0.3393,0.4515,-0.1122
2016-08,actual,-0.048,-0.2034,-0.1788,-0.0245,-0.1775,-0.1494,-0.0281,-0.0541,-0.0265,-0.0276,0.3801,0.2012,0.1789,0.4359,0.3378,0.0981,0.4888,0.4664,0.0224
2016-09,actual,-0.06,-0.3114,-0.1671,-0.1442,-0.2632,-0.1507,-0.1125,-0.0757,-0.04,-0.0357,0.4059,0.1864,0.2194,0.476,0.3244,0.1516,0.5302,0.4519,0.0783
2016-10,actual,-0.047,-0.2561,-0.0945,-0.1616,-0.1847,-0.086,-0.0987,-0.0438,0.0128,-0.0566,0.4376,0.2319,0.2057,0.5294,0.3665,0.1629,0.5841,0.489,0.0951
2016-11,actual,-0.054,-0.1721,-0.0713,-0.1008,-0.0969,-0.0491,-0.0478,0.0277,0.0481,-0.0204,0.5082,0.2481,0.2602,0.5892,0.3656,0.2236,0.648,0.4817,0.1663
2016-12,actual,-0.058,-0.1958,-0.0459,-0.1499,-0.1004,-0.0202,-0.0803,0.042,0.073,-0.031,0.6365,0.266,0.3705,0.7319,0.3789,0.353,0.7929,0.4921,0.3007
2017-01,actual,-0.058,-0.2083,-0.0253,-0.183,-0.0883,0.0206,-0.1088,0.1004,0.1187,-0.0183,0.7292,0.2998,0.4294,0.8385,0.398,0.4405,0.9059,0.5037,0.4022
2017-02,actual,-0.048,-0.2779,-0.0289,-0.249,-0.1564,0.0184,-0.1749,0.0615,0.1175,-0.056,0.6991,0.3013,0.3979,0.8145,0.4005,0.414,0.8813,0.5064,0.3748
2017-03,actual,-0.06,-0.2113,-0.0142,-0.1972,-0.1178,0.0424,-0.1602,0.073,0.1502,-0.0771,0.7103,0.3351,0.3752,0.8644,0.4322,0.4322,0.9599,0.5337,0.4262
2017-04,actual,-0.074,-0.204,-0.0398,-0.1642,-0.1508,0.0058,-0.1566,0.0195,0.1157,-0.0962,0.6395,0.3153,0.3242,0.8082,0.4265,0.3816,0.9145,0.5339,0.3806
2017-05,actual,-0.065,-0.1585,-0.03,-0.1285,-0.1087,0.0193,-0.128,0.0565,0.1331,-0.0766,0.6508,0.3322,0.3186,0.8313,0.4412,0.3901,0.9992,0.5461,0.4531
2017-06,actual,-0.069,-0.1055,-0.0219,-0.0836,-0.0571,0.0344,-0.0916,0.0929,0.1544,-0.0615,0.6748,0.3531,0.3217,0.8706,0.4592,0.4113,1.0744,0.5608,0.5135
2017-07,actual,-0.064,-0.1074,-0.017,-0.0904,-0.0497,0.0453,-0.095,0.0794,0.1724,-0.0929,0.6783,0.3749,0.3033,0.8936,0.4815,0.4121,1.1267,0.5808,0.5459
2017-08,actual,-0.066,-0.1634,-0.0263,-0.1371,-0.131,0.0243,-0.1552,0.015,0.143,-0.128,0.6381,0.3489,0.2892,0.8491,0.4625,0.3866,1.0786,0.5667,0.5119
2017-09,actual,-0.063,-0.1242,-0.0162,-0.1079,-0.0695,0.0573,-0.1268,0.0666,0.1902,-0.1236,0.6609,0.3902,0.2707,0.8856,0.4911,0.3945,1.1096,0.5872,0.5225
2017-10,actual,-0.046,-0.1594,0.0005,-0.1599,-0.0863,0.0761,-0.1624,0.0724,0.2014,-0.129,0.6811,0.3894,0.2917,0.8847,0.4813,0.4034,1.1008,0.5753,0.5255
2017-11,actual,-0.055,-0.1495,-0.0023,-0.1472,-0.1047,0.0728,-0.1776,0.0493,0.1936,-0.1444,0.6543,0.3754,0.2789,0.8475,0.4639,0.3836,1.0345,0.5585,0.476
2017-12,actual,-0.062,-0.1296,-0.0025,-0.127,-0.0927,0.0715,-0.1642,0.0505,0.1917,-0.1412,0.6392,0.3725,0.2666,0.8283,0.4609,0.3674,1.004,0.5556,0.4484
2018-01,actual,-0.05,-0.1212,-0.0055,-0.1158,-0.0736,0.0742,-0.1479,0.0906,0.1944,-0.1038,0.6602,0.3678,0.2924,0.8306,0.4488,0.3818,0.9894,0.542,0.4474
2018-02,actual,-0.053,-0.1526,-0.0131,-0.1394,-0.1096,0.0583,-0.1679,0.0606,0.1735,-0.1129,0.6208,0.3498,0.2709,0.7807,0.4355,0.3452,0.9233,0.5321,0.3912
2018-03,actual,-0.068,-0.1297,-0.0107,-0.119,-0.1014,0.0613,-0.1627,0.0512,0.1779,-0.1268,0.5876,0.356,0.2316,0.7578,0.4427,0.3151,0.9125,0.5389,0.3737
2018-04,actual,-0.067,-0.1295,-0.0133,-0.1163,-0.0918,0.0619,-0.1537,0.0636,0.1802,-0.1166,0.5981,0.357,0.2411,0.764,0.4417,0.3223,0.8996,0.5371,0.3625
2018-05,actual,-0.065,-0.1414,-0.016,-0.1254,-0.1052,0.0605,-0.1657,0.053,0.1825,-0.1295,0.5645,0.3639,0.2006,0.7403,0.4507,0.2895,0.8975,0.546,0.3516
2018-06,actual,-0.069,-0.1256,-0.0218,-0.1038,-0.0984,0.0534,-0.1518,0.0467,0.1743,-0.1277,0.5646,0.3549,0.2097,0.7353,0.4422,0.2931,0.893,0.5385,0.3545
2018-07,actual,-0.065,-0.1183,-0.0245,-0.0939,-0.0856,0.0623,-0.148,0.0624,0.1881,-0.1256,0.5915,0.3618,0.2297,0.7567,0.4409,0.3158,0.898,0.5339,0.3641
2018-08,actual,-0.055,-0.1138,-0.013,-0.1008,-0.0615,0.0828,-0.1444,0.1223,0.2116,-0.0893,0.6803,0.3795,0.3008,0.8507,0.4513,0.3995,1.0036,0.5404,0.4632
2018-09,actual,-0.064,-0.1113,-0.0059,-0.1053,-0.0507,0.0986,-0.1492,0.1487,0.2314,-0.0827,0.7217,0.3972,0.3246,0.9064,0.4648,0.4416,1.0736,0.5508,0.5227
2018-10,actual,-0.068,-0.1307,-0.0102,-0.1205,-0.0751,0.0882,-0.1633,0.1358,0.2151,-0.0793,0.7211,0.3796,0.3416,0.894,0.4488,0.4451,1.0397,0.5374,0.5023
2018-11,actual,-0.062,-0.141,-0.0228,-0.1182,-0.1016,0.0595,-0.1611,0.1057,0.1844,-0.0788,0.6587,0.3635,0.2952,0.8396,0.4474,0.3922,0.9834,0.5417,0.4417
2018-12,actual,-0.055,-0.1466,-0.039,-0.1075,-0.1392,0.0226,-0.1619,0.0187,0.1393,-0.1206,0.5712,0.3275,0.2437,0.7389,0.425,0.3139,0.8704,0.5269,0.3435
2019-01,actual,-0.06,-0.1713,-0.0608,-0.1105,-0.1655,-0.0063,-0.1592,0.0125,0.1128,-0.1003,0.4983,0.3122,0.1861,0.6613,0.4186,0.2427,0.7703,0.5245,0.2458
2019-02,actual,-0.054,-0.1521,-0.0669,-0.0851,-0.1585,-0.0099,-0.1486,-0.0105,0.1079,-0.1184,0.4745,0.2998,0.1746,0.6153,0.4008,0.2144,0.7112,0.5064,0.2049
2019-03,actual,-0.06,-0.1844,-0.0741,-0.1103,-0.204,-0.0367,-0.1674,-0.0752,0.0716,-0.1468,0.3886,0.2724,0.1162,0.5194,0.3859,0.1335,0.5954,0.4981,0.0973
2019-04,actual,-0.073,-0.1541,-0.0731,-0.081,-0.1618,-0.0248,-0.137,-0.0411,0.0901,-0.1312,0.4214,0.2886,0.1328,0.5601,0.3971,0.163,0.6374,0.506,0.1314
2019-05,actual,-0.059,-0.1761,-0.0828,-0.0933,-0.1932,-0.0481,-0.145,-0.0888,0.0635,-0.1523,0.3316,0.2716,0.06,0.4638,0.3903,0.0735,0.5174,0.5039,0.0136
2019-06,actual,-0.076,-0.2127,-0.1447,-0.068,-0.2444,-0.1137,-0.1307,-0.1494,0.0036,-0.153,0.2707,0.2212,0.0495,0.3715,0.3487,0.0228,0.4253,0.4694,-0.0441
2019-07,actual,-0.071,-0.1958,-0.1365,-0.0593,-0.2288,-0.1069,-0.1219,-0.1565,0.0143,-0.1708,0.2374,0.2393,-0.0019,0.3608,0.3715,-0.0107,0.4111,0.4916,-0.0806
2019-08,actual,-0.061,-0.2948,-0.1781,-0.1167,-0.338,-0.1754,-0.1626,-0.2767,-0.0678,-0.2089,0.0771,0.1687,-0.0916,0.1524,0.3178,-0.1653,0.1732,0.4502,-0.2769
2019-09,actual,-0.064,-0.317,-0.1726,-0.1444,-0.3417,-0.1309,-0.2108,-0.2042,0.0005,-0.2047,0.241,0.2313,0.0097,0.37,0.3641,0.0059,0.444,0.4849,-0.0409
2019-10,actual,-0.03,-0.2334,-0.1375,-0.0959,-0.2562,-0.1062,-0.15,-0.1365,0.0193,-0.1558,0.2629,0.2476,0.0152,0.3926,0.3802,0.0124,0.4387,0.4994,-0.0607
2019-11,actual,-0.034,-0.1804,-0.0912,-0.0893,-0.1838,-0.0563,-0.1275,-0.0715,0.0598,-0.1313,0.2853,0.2724,0.0129,0.4099,0.3923,0.0176,0.4616,0.506,-0.0444
2019-12,actual,-0.068,-0.1336,-0.0586,-0.075,-0.1217,-0.0188,-0.1029,-0.0095,0.0873,-0.0969,0.3118,0.2811,0.0308,0.4137,0.3866,0.0272,0.4445,0.4958,-0.0513
2020-01,actual,-0.039,-0.1585,-0.0846,-0.0738,-0.1657,-0.0702,-0.0955,-0.0578,0.035,-0.0928,0.2595,0.2526,0.0069,0.3707,0.382,-0.0113,0.4015,0.5007,-0.0992
2020-02,actual,-0.025,-0.258,-0.1363,-0.1217,-0.2637,-0.1281,-0.1356,-0.1477,-0.0159,-0.1319,0.1849,0.2196,-0.0347,0.2887,0.3634,-0.0747,0.3185,0.4892,-0.1707
2020-03,actual,-0.07,-0.1405,-0.0775,-0.063,-0.1167,-0.0576,-0.059,0.0403,0.0413,-0.001,0.3462,0.2459,0.1003,0.4339,0.3651,0.0688,0.4426,0.4819,-0.0393
2020-04,actual,-0.06,-0.1893,-0.1061,-0.0832,-0.1644,-0.089,-0.0755,-0.0228,0.0183,-0.0411,0.3368,0.2374,0.0994,0.4356,0.3679,0.0677,0.4472,0.4883,-0.0412
2020-05,actual,-0.073,-0.1602,-0.0847,-0.0756,-0.1183,-0.0597,-0.0585,0.0194,0.0499,-0.0304,0.3885,0.2654,0.123,0.5058,0.391,0.1148,0.5399,0.5072,0.0327
2020-06,actual,-0.068,-0.1421,-0.0621,-0.08,-0.0956,-0.029,-0.0666,0.0508,0.0844,-0.0336,0.4493,0.2974,0.1519,0.5944,0.4184,0.176,0.6321,0.53,0.102
2020-07,actual,-0.021,-0.1504,-0.0632,-0.0872,-0.1204,-0.0507,-0.0696,0.0289,0.0524,-0.0235,0.4076,0.2699,0.1377,0.5342,0.3996,0.1346,0.5527,0.5168,0.0359
2020-08,actual,-0.057,-0.1226,-0.0434,-0.0792,-0.0732,-0.0073,-0.0659,0.0694,0.1056,-0.0362,0.4583,0.3131,0.1452,0.6039,0.4286,0.1753,0.6304,0.5371,0.0933
2020-09,actual,-0.061,-0.1457,-0.0559,-0.0898,-0.1121,-0.0302,-0.0819,0.0386,0.0799,-0.0412,0.4405,0.296,0.1445,0.5925,0.4214,0.1711,0.6318,0.5345,0.0973
2020-10,actual,-0.029,-0.1371,-0.043,-0.0941,-0.1015,-0.0028,-0.0987,0.0568,0.1188,-0.062,0.4513,0.3348,0.1165,0.6314,0.4539,0.1775,0.6717,0.561,0.1107
2020-11,actual,-0.032,-0.137,-0.0353,-0.1017,-0.1012,0.003,-0.1042,0.0398,0.1253,-0.0856,0.4377,0.3451,0.0926,0.6318,0.4674,0.1644,0.6909,0.5743,0.1166
2020-12,actual,-0.033,-0.1327,-0.0315,-0.1011,-0.1062,0.0079,-0.1141,0.0384,0.1307,-0.0923,0.4412,0.3501,0.0911,0.6429,0.4719,0.171,0.6855,0.5782,0.1074
2021-01,actual,-0.012,-0.13,-0.048,-0.082,-0.1107,-0.0091,-0.1016,0.0657,0.1079,-0.0423,0.5009,0.3161,0.1847,0.664,0.4312,0.2328,0.6973,0.5391,0.1582
2021-02,actual,-0.022,-0.1125,-0.0285,-0.0839,-0.0396,0.0431,-0.0827,0.1804,0.1709,0.0094,0.6002,0.3597,0.2405,0.757,0.4498,0.3072,0.7856,0.5461,0.2395
2021-03,actual,-0.044,-0.1342,-0.0236,-0.1106,-0.0812,0.0353,-0.1165,0.1128,0.1524,-0.0396,0.5266,0.3416,0.185,0.6743,0.4369,0.2373,0.7003,0.5369,0.1634
2021-04,actual,-0.017,-0.1298,-0.0264,-0.1034,-0.0891,0.0275,-0.1166,0.1044,0.1476,-0.0431,0.4971,0.3451,0.1519,0.6588,0.4469,0.2119,0.6915,0.5482,0.1433
2021-05,actual,-0.034,-0.1314,-0.0276,-0.1038,-0.0906,0.03,-0.1206,0.0942,0.1572,-0.063,0.4898,0.3618,0.128,0.6744,0.4671,0.2073,0.7347,0.5674,0.1673
2021-06,actual,-0.05,-0.117,-0.0182,-0.0989,-0.094,0.0249,-0.1189,0.0746,0.1448,-0.0703,0.4921,0.357,0.1352,0.6971,0.473,0.224,0.7892,0.5771,0.212
2021-07,actual,-0.044,-0.1294,-0.0323,-0.097,-0.1197,0.0035,-0.1232,0.0294,0.1244,-0.095,0.4268,0.3458,0.081,0.6351,0.4703,0.1647,0.749,0.5779,0.1711
2021-08,actual,-0.036,-0.1298,-0.0273,-0.1024,-0.1107,0.0089,-0.1196,0.0366,0.1285,-0.0918,0.4443,0.3471,0.0973,0.6468,0.4695,0.1772,0.7588,0.5764,0.1823
2021-09,actual,-0.049,-0.1189,-0.0077,-0.1113,-0.0819,0.0391,-0.121,0.0876,0.1558,-0.0683,0.4858,0.3594,0.1263,0.6737,0.468,0.2057,0.7731,0.57,0.2031
2021-10,actual,-0.027,-0.1073,-0.0057,-0.1016,-0.0731,0.0464,-0.1195,0.1103,0.1628,-0.0525,0.5063,0.3586,0.1477,0.6838,0.4599,0.2239,0.7264,0.5599,0.1665
2021-11,actual,-0.048,-0.1272,-0.0235,-0.1038,-0.0972,0.0235,-0.1207,0.0767,0.1428,-0.0661,0.4905,0.3503,0.1402,0.682,0.4621,0.2199,0.7419,0.5657,0.1762
2021-12,actual,-0.018,-0.0954,-0.0192,-0.0761,-0.0691,0.0343,-0.1034,0.0982,0.1552,-0.057,0.5212,0.3541,0.1671,0.7024,0.4577,0.2447,0.7629,0.5585,0.2044
2022-01,actual,-0.021,-0.0563,0.0027,-0.059,-0.013,0.0813,-0.0944,0.1899,0.2095,-0.0196,0.6038,0.3911,0.2128,0.7886,0.474,0.3146,0.8268,0.5651,0.2617
2022-02,actual,-0.012,-0.037,0.0201,-0.0571,0.0132,0.1088,-0.0956,0.1997,0.2426,-0.0428,0.6942,0.4253,0.2689,0.8911,0.5087,0.3823,0.923,0.6,0.3231
2022-03,actual,-0.02,-0.0389,0.0255,-0.0645,0.0378,0.1257,-0.088,0.2318,0.2664,-0.0346,0.7435,0.4509,0.2927,0.9319,0.5337,0.3982,0.961,0.6256,0.3353
2022-04,actual,-0.021,-0.0606,0.0221,-0.0827,0.0095,0.1567,-0.1472,0.2547,0.3158,-0.061,0.7867,0.5007,0.286,0.9797,0.5772,0.4025,1.0313,0.6691,0.3623
2022-05,actual,-0.026,-0.0696,0.0273,-0.097,0.0159,0.1644,-0.1485,0.2664,0.3308,-0.0644,0.8173,0.525,0.2923,1.0414,0.6067,0.4347,1.1367,0.6973,0.4393
2022-06,actual,-0.04,-0.0686,0.0696,-0.1382,0.0369,0.234,-0.1971,0.3178,0.4137,-0.0959,0.9558,0.6078,0.348,1.2381,0.6831,0.555,1.3405,0.767,0.5735
2022-07,actual,-0.01,-0.0936,0.0561,-0.1498,-0.0221,0.1887,-0.2108,0.2085,0.3611,-0.1526,0.9102,0.5723,0.3379,1.2182,0.6682,0.55,1.3496,0.7579,0.5917
2022-08,actual,-0.041,-0.0887,0.0801,-0.1688,0.0203,0.2304,-0.2102,0.2513,0.4063,-0.1551,0.9208,0.6115,0.3093,1.2191,0.6992,0.5199,1.3212,0.7864,0.5349
2022-09,actual,-0.073,-0.0455,0.1161,-0.1616,0.0892,0.3003,-0.2111,0.3243,0.4912,-0.1669,1.0797,0.694,0.3857,1.4062,0.7747,0.6315,1.5457,0.8585,0.6873
2022-10,actual,-0.062,-0.0406,0.1017,-0.1424,0.085,0.2911,-0.2062,0.3159,0.4885,-0.1726,1.1303,0.6963,0.4341,1.4462,0.7817,0.6645,1.5754,0.8698,0.7056
2022-11,actual,-0.079,-0.027,0.1253,-0.1522,0.1148,0.3384,-0.2236,0.3648,0.543,-0.1782,1.2046,0.7437,0.4609,1.5321,0.8192,0.7129,1.6853,0.9033,0.782
2022-12,actual,-0.022,0.0388,0.1657,-0.1269,0.2621,0.3874,-0.1253,0.545,0.5835,-0.0385,1.3545,0.7671,0.5874,1.6034,0.8303,0.773,1.7576,0.9164,0.8413
2023-01,actual,-0.014,-0.0156,0.1145,-0.1301,0.194,0.3346,-0.1407,0.6579,0.5263,0.1316,1.4542,0.7102,0.744,1.6181,0.7784,0.8397,1.7333,0.8789,0.8543
2023-02,actual,-0.011,-0.0398,0.1299,-0.1697,0.2216,0.3755,-0.1539,0.6031,0.588,0.0151,1.2627,0.7799,0.4828,1.4266,0.8441,0.5825,1.4648,0.9396,0.5253
2023-03,actual,-0.03,-0.0838,0.107,-0.1908,0.0978,0.3272,-0.2294,0.4415,0.5376,-0.0961,1.1034,0.7521,0.3514,1.3226,0.8387,0.4839,1.3978,0.9396,0.4582
2023-04,actual,-0.073,-0.0556,0.0813,-0.1369,0.0929,0.2699,-0.177,0.4239,0.4695,-0.0456,1.058,0.6931,0.3649,1.2983,0.7927,0.5056,1.3826,0.8962,0.4864
2023-05,actual,-0.071,-0.0687,0.0604,-0.1291,0.0826,0.2734,-0.1908,0.4667,0.4938,-0.0271,1.0871,0.7306,0.3565,1.3309,0.8351,0.4958,1.4894,0.9427,0.5468
2023-06,actual,-0.077,-0.0806,0.0522,-0.1328,0.0706,0.2552,-0.1846,0.4404,0.4741,-0.0336,1.0717,0.7209,0.3508,1.3233,0.8358,0.4875,1.4852,0.9474,0.5379
2023-07,actual,-0.061,-0.0083,0.0445,-0.0528,0.1862,0.2889,-0.1028,0.6332,0.5317,0.1015,1.2866,0.7712,0.5154,1.5139,0.8713,0.6426,1.679,0.98,0.6991
2023-08,actual,-0.056,0.014,0.0757,-0.0617,0.219,0.3471,-0.1281,0.6808,0.5984,0.0824,1.4293,0.8308,0.5986,1.6595,0.9226,0.7368,1.8212,1.0301,0.7912
2023-09,actual,-0.062,0.0271,0.1125,-0.0854,0.3189,0.4077,-0.0888,0.8063,0.6615,0.1448,1.5168,0.8829,0.6339,1.7012,0.9625,0.7387,1.8431,1.0686,0.7745
2023-10,actual,-0.02,0.124,0.1609,-0.0369,0.4555,0.4789,-0.0234,0.9911,0.733,0.2581,1.7723,0.9334,0.8389,1.9213,0.9952,0.9261,2.0066,1.0986,0.908
2023-11,actual,-0.022,0.0276,0.1461,-0.1186,0.2581,0.4497,-0.1916,0.716,0.7083,0.0077,1.5186,0.9302,0.5883,1.7414,1.0101,0.7313,1.885,1.1151,0.7699
2023-12,actual,-0.039,0.0285,0.1372,-0.1087,0.226,0.4005,-0.1746,0.6733,0.6389,0.0344,1.4842,0.8672,0.6171,1.7255,0.9611,0.7645,1.8626,1.0697,0.7929
2024-01,actual,-0.011,0.0572,0.1799,-0.1227,0.2932,0.4534,-0.1602,0.7606,0.6973,0.0633,1.595,0.927,0.6681,1.857,1.0193,0.8377,1.9938,1.125,0.8688
2024-02,actual,-0.005,0.1785,0.217,-0.0384,0.3696,0.4622,-0.0925,0.7411,0.689,0.052,1.5271,0.9193,0.6078,1.7864,1.0208,0.7656,1.9261,1.1304,0.7957
2024-03,actual,0.074,0.1639,0.2376,-0.0737,0.3451,0.4634,-0.1183,0.7636,0.6815,0.0821,1.5605,0.9127,0.6478,1.8416,1.017,0.8246,2.0066,1.1247,0.882
2024-04,actual,0.076,0.2668,0.2913,-0.0245,0.4704,0.5428,-0.0724,0.8997,0.7636,0.1362,1.723,0.9772,0.7459,1.9863,1.0653,0.921,2.1378,1.1692,0.9686
2024-05,actual,0.077,0.3865,0.3841,0.0023,0.6438,0.6528,-0.0091,1.0934,0.8781,0.2153,1.9292,1.085,0.8442,2.2442,1.1632,1.081,2.588,1.2571,1.3308
2024-06,actual,0.076,0.3228,0.3539,-0.0311,0.5951,0.6249,-0.0298,1.0823,0.8573,0.2251,1.9298,1.0729,0.8569,2.242,1.1562,1.0858,2.5941,1.2526,1.3416
2024-07,actual,0.079,0.4298,0.467,-0.0372,0.6637,0.6907,-0.027,1.0889,0.8802,0.2087,1.9331,1.0894,0.8437,2.2836,1.1817,1.1019,2.6498,1.2767,1.3731
2024-08,actual,0.227,0.361,0.4095,-0.0486,0.5008,0.6221,-0.1213,0.9373,0.8251,0.1122,1.8285,1.0528,0.7757,2.2148,1.158,1.0568,2.6123,1.2558,1.3565
2024-09,actual,0.225,0.3677,0.433,-0.0653,0.5047,0.6336,-0.1289,0.9096,0.8327,0.0769,1.7937,1.0688,0.7249,2.203,1.1831,1.02,2.6261,1.282,1.3441
2024-10,actual,0.227,0.4344,0.5146,-0.0802,0.5892,0.7182,-0.129,0.9612,0.9094,0.0519,1.8778,1.1364,0.7414,2.3071,1.2451,1.0621,2.8046,1.3398,1.4648
2024-11,actual,0.227,0.5912,0.6245,-0.0333,0.7308,0.8108,-0.08,1.0728,0.971,0.1019,1.9394,1.1681,0.7713,2.3575,1.2607,1.0967,2.8713,1.349,1.5224
2024-12,actual,0.227,0.575,0.5857,-0.0107,0.7521,0.7824,-0.0302,1.1218,0.9496,0.1722,1.9735,1.1505,0.8231,2.3485,1.2447,1.1038,2.836,1.3385,1.4975
2025-01,actual,0.477,0.7111,0.699,0.0121,0.926,0.9213,0.0047,1.2623,1.04,0.2223,2.0336,1.2327,0.8009,2.3871,1.3163,1.0708,2.8304,1.4022,1.4282
2025-02,actual,0.477,0.7866,0.7324,0.0541,1.0224,0.9651,0.0573,1.3946,1.0855,0.3091,2.1026,1.2764,0.8261,2.4333,1.358,1.0753,2.8426,1.4463,1.3963
2025-03,actual,0.476,0.8257,0.7621,0.0636,1.1187,1.0042,0.1145,1.5112,1.1232,0.388,2.2794,1.3039,0.9754,2.5831,1.3777,1.2054,2.8662,1.4647,1.4015
2025-04,actual,0.476,0.6662,0.6992,-0.033,0.8896,0.9902,-0.1007,1.3518,1.1713,0.1804,2.3286,1.3945,0.9341,2.8075,1.483,1.3245,3.2093,1.5627,1.6466
2025-05,actual,0.476,0.7459,0.7401,0.0058,1.0356,1.0162,0.0194,1.5359,1.1964,0.3395,2.5137,1.4319,1.0818,3.0586,1.5298,1.5288,3.6566,1.6049,2.0518
2025-06,actual,0.477,0.7171,0.7431,-0.026,1.0004,1.0171,-0.0167,1.4783,1.1991,0.2792,2.4568,1.4421,1.0146,3.0217,1.5457,1.476,3.6706,1.6213,2.0493
2025-07,actual,0.478,0.8059,0.8235,-0.0176,1.1038,1.1302,-0.0264,1.5823,1.3267,0.2556,2.6471,1.5607,1.0863,3.2842,1.6493,1.6348,3.9249,1.7121,2.2128
2025-08,actual,0.477,0.8637,0.8795,-0.0159,1.1775,1.2033,-0.0258,1.6297,1.4077,0.222,2.6978,1.6353,1.0625,3.3839,1.7128,1.671,3.9492,1.7648,2.1843
2025-09,actual,0.477,0.9309,0.9407,-0.0099,1.2616,1.2581,0.0035,1.678,1.4465,0.2315,2.6886,1.664,1.0246,3.3212,1.7396,1.5816,3.8499,1.7961,2.0538
2025-10,actual,0.477,0.8957,0.92,-0.0243,1.2279,1.2529,-0.025,1.6897,1.4576,0.2321,2.6981,1.6851,1.013,3.3676,1.7623,1.6053,3.8198,1.8166,2.0032
2025-11,actual,0.477,0.9447,0.9617,-0.0171,1.3177,1.335,-0.0172,1.8378,1.5665,0.2713,2.9204,1.7945,1.1259,3.6261,1.8618,1.7643,4.1444,1.9087,2.2357
2025-12,actual,0.727,1.1272,1.099,0.0282,1.5698,1.5214,0.0485,2.084,1.6437,0.4403,3.0306,1.8483,1.1823,3.6431,1.8972,1.7459,3.8852,1.941,1.9442
2026-01,actual,0.727,1.2139,1.1879,0.0259,1.6757,1.6407,0.035,2.265,1.7584,0.5066,3.283,1.9336,1.3493,3.8953,1.9571,1.9381,4.1018,1.993,2.1088
2026-02,actual,0.727,1.2111,1.1824,0.0287,1.5964,1.5926,0.0038,2.1482,1.6798,0.4684,3.0663,1.853,1.2133,3.6122,1.8886,1.7236,3.8016,1.937,1.8645
2026-03,actual,0.727,1.3431,1.2661,0.077,1.8063,1.7206,0.0857,2.3804,1.818,0.5624,3.382,1.9636,1.4184,3.924,1.97,1.9539,4.059,2.0061,2.0529
2026-04,actual,0.727,1.3708,1.2585,0.1123,1.9095,1.7612,0.1483,2.5378,1.8886,0.6492,3.497,2.0381,1.4588,4.01,2.0363,1.9737,4.0559,2.0725,1.9834
2026-05,actual,0.727,1.361,1.2861,0.0749,1.9181,1.8411,0.077,2.6688,1.9992,0.6696,3.6463,2.1431,1.5032,4.1859,2.1225,2.0633,4.0471,2.1492,1.8979
2026-06,actual,0.976,1.3696,1.3354,0.0343,1.9344,1.879,0.0554,2.7042,2.0244,0.6798,3.7201,2.1519,1.5681,4.1998,2.1216,2.0782,4.0115,2.1487,1.8628
2026-07,actual,0.979,1.4212,1.3772,0.0439,1.9435,1.9433,0.0002,2.738,2.0973,0.6407,3.7495,2.2227,1.5269,4.2572,2.1874,2.0697,4.0888,2.2131,1.8757
2026-08,forecast,1,1.4066,1.4065,0.0001,1.9647,1.9644,0.0002,2.738,2.0973,0.6407,3.7495,2.2227,1.5269,4.2572,2.1874,2.0697,4.0888,2.2131,1.8757
2026-09,forecast,1,1.4947,1.4605,0.0342,2.0378,2.0034,0.0343,2.8112,2.1412,0.67,3.7702,2.255,1.5151,4.2521,2.2123,2.0398,4.0988,2.233,1.8658
2026-10,forecast,1.25,1.5584,1.5145,0.0439,2.1109,2.0424,0.0684,2.8844,2.1851,0.6993,3.7908,2.2874,1.5034,4.2471,2.2372,2.0099,4.1087,2.2529,1.8558
2026-11,forecast,1.25,1.5944,1.5505,0.0439,2.171,2.0684,0.1025,2.943,2.2143,0.7287,3.8007,2.309,1.4917,4.2337,2.2538,1.9799,4.1121,2.2662,1.8459
2026-12,forecast,1.25,1.6394,1.5955,0.0439,2.2375,2.1009,0.1366,3.0089,2.2509,0.758,3.816,2.336,1.48,4.2246,2.2746,1.95,4.1188,2.2828,1.836
2027-01,forecast,1.25,1.6574,1.6135,0.0439,2.2846,2.1139,0.1707,3.0529,2.2656,0.7873,3.8151,2.3468,1.4683,4.203,2.283,1.92,4.1156,2.2895,1.8261
2027-02,forecast,1.25,1.6934,1.6495,0.0439,2.3447,2.1399,0.2048,3.1115,2.2948,0.8166,3.825,2.3684,1.4566,4.1897,2.2996,1.8901,4.119,2.3028,1.8162
2027-03,forecast,1.5,1.7564,1.7125,0.0439,2.4243,2.1854,0.2389,3.192,2.346,0.846,3.851,2.4061,1.4449,4.1887,2.3286,1.8601,4.1323,2.3259,1.8063
2027-04,forecast,1.5,1.7564,1.7125,0.0439,2.4584,2.1854,0.273,3.2213,2.346,0.8753,3.8394,2.4062,1.4332,4.1589,2.3287,1.8302,4.1225,2.3261,1.7964
2027-05,forecast,1.5,1.7564,1.7125,0.0439,2.4925,2.1854,0.3071,3.2507,2.3461,0.9046,3.8278,2.4063,1.4215,4.1291,2.3289,1.8002,4.1127,2.3262,1.7865
2027-06,forecast,1.5,1.7564,1.7125,0.0439,2.5266,2.1854,0.3412,3.2801,2.3462,0.934,3.8162,2.4064,1.4098,4.0993,2.329,1.7703,4.103,2.3263,1.7766
2027-07,forecast,1.5,1.7564,1.7125,0.0439,2.5607,2.1854,0.3753,3.3095,2.3462,0.9633,3.8046,2.4065,1.3981,4.0694,2.3291,1.7403,4.0932,2.3265,1.7667
2027-08,forecast,1.5,1.7564,1.7125,0.0439,2.5948,2.1854,0.4094,3.3389,2.3463,0.9926,3.793,2.4066,1.3864,4.0396,2.3292,1.7104,4.0835,2.3266,1.7568
2027-09,forecast,1.5,1.7564,1.7125,0.0439,2.5865,2.1854,0.4011,3.3239,2.3463,0.9776,3.7814,2.4067,1.3746,4.0098,2.3294,1.6804,4.0737,2.3268,1.7469
2027-10,forecast,1.5,1.7564,1.7125,0.0439,2.5782,2.1854,0.3927,3.309,2.3464,0.9626,3.7698,2.4068,1.3629,3.98,2.3295,1.6505,4.0639,2.3269,1.737
2027-11,forecast,1.5,1.7564,1.7125,0.0439,2.5698,2.1854,0.3844,3.2941,2.3464,0.9476,3.7581,2.4069,1.3512,3.9501,2.3296,1.6205,4.0542,2.327,1.7271
2027-12,forecast,1.5,1.7564,1.7125,0.0439,2.5615,2.1854,0.3761,3.2791,2.3465,0.9326,3.7465,2.407,1.3395,3.9203,2.3297,1.5906,4.0444,2.3272,1.7172
2028-01,forecast,1.5,1.7564,1.7125,0.0439,2.5532,2.1854,0.3677,3.2642,2.3466,0.9176,3.7349,2.4071,1.3278,3.8905,2.3299,1.5606,4.0347,2.3273,1.7073
2028-02,forecast,1.5,1.7564,1.7125,0.0439,2.5448,2.1854,0.3594,3.2492,2.3466,0.9026,3.7233,2.4072,1.3161,3.8607,2.33,1.5307,4.0249,2.3275,1.6974
2028-03,forecast,1.5,1.7564,1.7125,0.0439,2.5365,2.1854,0.3511,3.2343,2.3467,0.8876,3.7234,2.4073,1.3161,3.8608,2.3301,1.5307,4.025,2.3276,1.6974
2028-04,forecast,1.5,1.7564,1.7125,0.0439,2.5282,2.1854,0.3427,3.2193,2.3467,0.8726,3.7235,2.4074,1.3161,3.8609,2.3302,1.5307,4.0252,2.3278,1.6974
2028-05,forecast,1.5,1.7564,1.7125,0.0439,2.5198,2.1854,0.3344,3.2044,2.3468,0.8576,3.7236,2.4075,1.3161,3.861,2.3304,1.5307,4.0253,2.3279,1.6974
2028-06,forecast,1.5,1.7564,1.7125,0.0439,2.5115,2.1854,0.3261,3.1895,2.3468,0.8426,3.7237,2.4076,1.3161,3.8612,2.3305,1.5307,4.0255,2.328,1.6974
2028-07,forecast,1.5,1.7564,1.7125,0.0439,2.5032,2.1854,0.3177,3.1745,2.3469,0.8276,3.7238,2.4077,1.3161,3.8613,2.3306,1.5307,4.0256,2.3282,1.6974
2028-08,forecast,1.5,1.7564,1.7125,0.0439,2.4948,2.1854,0.3094,3.1596,2.347,0.8126,3.7239,2.4078,1.3161,3.8614,2.3307,1.5307,4.0258,2.3283,1.6974
2028-09,forecast,1.5,1.7564,1.7125,0.0439,2.4948,2.1854,0.3094,3.1596,2.347,0.8126,3.724,2.4079,1.3161,3.8615,2.3309,1.5307,4.0259,2.3285,1.6974
2028-10,forecast,1.5,1.7564,1.7125,0.0439,2.4948,2.1854,0.3094,3.1597,2.3471,0.8126,3.7241,2.408,1.3161,3.8617,2.331,1.5307,4.026,2.3286,1.6974
2028-11,forecast,1.5,1.7564,1.7125,0.0439,2.4948,2.1854,0.3094,3.1597,2.3471,0.8126,3.7242,2.4081,1.3161,3.8618,2.3311,1.5307,4.0262,2.3288,1.6974
2028-12,forecast,1.5,1.7564,1.7125,0.0439,2.4948,2.1854,0.3094,3.1598,2.3472,0.8126,3.7243,2.4082,1.3161,3.8619,2.3312,1.5307,4.0263,2.3289,1.6974
2029-01,forecast,1.5,1.7564,1.7125,0.0439,2.4948,2.1854,0.3094,3.1599,2.3472,0.8126,3.7244,2.4083,1.3161,3.862,2.3314,1.5307,4.0265,2.329,1.6974
2029-02,forecast,1.5,1.7564,1.7125,0.0439,2.4948,2.1854,0.3094,3.1599,2.3473,0.8126,3.7245,2.4084,1.3161,3.8622,2.3315,1.5307,4.0266,2.3292,1.6974
2029-03,forecast,1.5,1.7564,1.7125,0.0439,2.4948,2.1854,0.3094,3.16,2.3474,0.8126,3.7246,2.4085,1.3161,3.8623,2.3316,1.5307,4.0267,2.3293,1.6974
2029-04,forecast,1.5,1.7564,1.7125,0.0439,2.4948,2.1854,0.3094,3.16,2.3474,0.8126,3.7247,2.4086,1.3161,3.8624,2.3317,1.5307,4.0269,2.3295,1.6974
2029-05,forecast,1.5,1.7564,1.7125,0.0439,2.4948,2.1854,0.3094,3.1601,2.3475,0.8126,3.7248,2.4087,1.3161,3.8625,2.3318,1.5307,4.027,2.3296,1.6974
2029-06,forecast,1.5,1.7564,1.7125,0.0439,2.4948,2.1854,0.3094,3.1601,2.3475,0.8126,3.7248,2.4087,1.3161,3.8625,2.3318,1.5307,4.027,2.3296,1.6974
2029-07,forecast,1.5,1.7564,1.7125,0.0439,2.4948,2.1854,0.3094,3.1601,2.3475,0.8126,3.7248,2.4087,1.3161,3.8625,2.3318,1.5307,4.027,2.3296,1.6974
