ym,r_star,pi_star_10y,i_star,provisional
2002-07,0.3576,0.5702,0.9278,False
2002-08,0.3366,0.5713,0.9078,False
2002-09,0.3277,0.5737,0.9014,False
2002-10,0.3212,0.5768,0.898,False
2002-11,0.3188,0.5782,0.897,False
2002-12,0.3401,0.56,0.9001,False
2003-01,0.382,0.5214,0.9034,False
2003-02,0.4105,0.4887,0.8992,False
2003-03,0.4244,0.4573,0.8818,False
2003-04,0.4344,0.4284,0.8629,False
2003-05,0.4455,0.4118,0.8573,False
2003-06,0.4618,0.4066,0.8685,False
2003-07,0.4797,0.403,0.8828,False
2003-08,0.4881,0.4017,0.8898,False
2003-09,0.473,0.4075,0.8804,False
2003-10,0.4438,0.4213,0.8651,False
2003-11,0.4287,0.4366,0.8653,False
2003-12,0.4333,0.4515,0.8848,False
2004-01,0.4436,0.4695,0.9132,False
2004-02,0.4541,0.4926,0.9466,False
2004-03,0.4677,0.5483,1.0161,False
2004-04,0.4821,0.6223,1.1045,False
2004-05,0.4892,0.6711,1.1602,False
2004-06,0.4887,0.6838,1.1725,False
2004-07,0.4872,0.692,1.1792,False
2004-08,0.4849,0.7031,1.188,False
2004-09,0.465,0.73,1.195,False
2004-10,0.4295,0.7654,1.195,False
2004-11,0.4115,0.7822,1.1937,False
2004-12,0.4178,0.7676,1.1854,False
2005-01,0.4291,0.7411,1.1703,False
2005-02,0.4344,0.7289,1.1633,False
2005-03,0.4317,0.7345,1.1662,False
2005-04,0.4269,0.7468,1.1736,False
2005-05,0.4242,0.7604,1.1845,False
2005-06,0.4323,0.772,1.2043,False
2005-07,0.4504,0.7853,1.2357,False
2005-08,0.4672,0.8013,1.2685,False
2005-09,0.478,0.8243,1.3023,False
2005-10,0.4881,0.8532,1.3413,False
2005-11,0.4986,0.876,1.3746,False
2005-12,0.5132,0.8893,1.4025,False
2006-01,0.5284,0.9001,1.4285,False
2006-02,0.5364,0.9151,1.4514,False
2006-03,0.5396,0.9714,1.511,False
2006-04,0.5418,1.0502,1.592,False
2006-05,0.5426,1.0921,1.6347,False
2006-06,0.5213,1.0909,1.6123,False
2006-07,0.4745,1.0876,1.5621,False
2006-08,0.4327,1.0823,1.515,False
2006-09,0.4022,1.0558,1.458,False
2006-10,0.374,1.0035,1.3775,False
2006-11,0.3624,0.9553,1.3177,False
2006-12,0.371,0.9096,1.2805,False
2007-01,0.3865,0.8668,1.2533,False
2007-02,0.3938,0.8502,1.244,False
2007-03,0.3923,0.8723,1.2646,False
2007-04,0.3885,0.9118,1.3003,False
2007-05,0.3824,0.9339,1.3163,False
2007-06,0.3565,0.9317,1.2881,False
2007-07,0.3074,0.9274,1.2347,False
2007-08,0.2633,0.9251,1.1884,False
2007-09,0.2357,0.9591,1.1948,False
2007-10,0.2107,1.0248,1.2356,False
2007-11,0.1845,1.0588,1.2433,False
2007-12,0.1466,1.0452,1.1918,False
2008-01,0.1063,1.0203,1.1267,False
2008-02,0.0837,1.0082,1.0919,False
2008-03,0.0766,1.0307,1.1073,False
2008-04,0.0724,1.0709,1.1433,False
2008-05,0.0653,1.0934,1.1588,False
2008-06,0.0436,1.0684,1.112,False
2008-07,0.0063,1.0093,1.0156,False
2008-08,-0.0312,0.9462,0.915,False
2008-09,-0.069,0.8903,0.8213,False
2008-10,-0.1082,0.828,0.7198,False
2008-11,-0.1271,0.7644,0.6373,False
2008-12,-0.13,0.6777,0.5476,False
2009-01,-0.1318,0.5887,0.4568,False
2009-02,-0.1324,0.553,0.4206,False
2009-03,-0.1264,0.5554,0.4289,False
2009-04,-0.1139,0.5612,0.4473,False
2009-05,-0.1009,0.5692,0.4684,False
2009-06,-0.0882,0.5874,0.4992,False
2009-07,-0.0751,0.6137,0.5386,False
2009-08,-0.0691,0.6271,0.558,False
2009-09,-0.0901,0.6044,0.5143,False
2009-10,-0.1308,0.5607,0.4299,False
2009-11,-0.1518,0.538,0.3862,False
2009-12,-0.1461,0.5386,0.3925,False
2010-01,-0.1357,0.5403,0.4046,False
2010-02,-0.1309,0.5427,0.4118,False
2010-03,-0.1462,0.5678,0.4216,False
2010-04,-0.1747,0.6095,0.4349,False
2010-05,-0.1944,0.6326,0.4382,False
2010-06,-0.2003,0.6246,0.4243,False
2010-07,-0.2047,0.6063,0.4017,False
2010-08,-0.2063,0.5881,0.3818,False
2010-09,-0.2016,0.5707,0.3691,False
2010-10,-0.1897,0.5529,0.3632,False
2010-11,-0.1749,0.5452,0.3702,False
2010-12,-0.1455,0.6007,0.4551,False
2011-01,-0.1082,0.7058,0.5976,False
2011-02,-0.0922,0.7667,0.6745,False
2011-03,-0.1073,0.7875,0.6802,False
2011-04,-0.1343,0.8015,0.6673,False
2011-05,-0.1494,0.807,0.6576,False
2011-06,-0.1468,0.8067,0.66,False
2011-07,-0.1417,0.8058,0.6642,False
2011-08,-0.1389,0.8044,0.6654,False
2011-09,-0.1404,0.7759,0.6356,False
2011-10,-0.1439,0.7229,0.579,False
2011-11,-0.148,0.6956,0.5476,False
2011-12,-0.1546,0.7084,0.5538,False
2012-01,-0.1624,0.7318,0.5694,False
2012-02,-0.1658,0.7432,0.5773,False
2012-03,-0.1494,0.7286,0.5792,False
2012-04,-0.1143,0.7026,0.5883,False
2012-05,-0.0773,0.6881,0.6108,False
2012-06,-0.0424,0.7111,0.6688,False
2012-07,-0.0053,0.7561,0.7508,False
2012-08,0.0185,0.7805,0.7991,False
2012-09,0.0297,0.7637,0.7934,False
2012-10,0.038,0.7313,0.7693,False
2012-11,0.0411,0.7145,0.7556,False
2012-12,0.0221,0.7556,0.7777,False
2013-01,-0.0149,0.838,0.8231,False
2013-02,-0.0392,0.897,0.8579,False
2013-03,-0.0521,0.9325,0.8803,False
2013-04,-0.0617,0.9598,0.8981,False
2013-05,-0.0657,0.9827,0.917,False
2013-06,-0.0653,0.9997,0.9344,False
2013-07,-0.0644,1.0142,0.9498,False
2013-08,-0.0631,1.0305,0.9674,False
2013-09,-0.0604,1.0525,0.9921,False
2013-10,-0.0567,1.0779,1.0212,False
2013-11,-0.0548,1.0978,1.0429,False
2013-12,-0.0555,1.1115,1.056,False
2014-01,-0.0568,1.1227,1.0659,False
2014-02,-0.0574,1.1325,1.0751,False
2014-03,-0.0444,1.1426,1.0982,False
2014-04,-0.0189,1.152,1.1332,False
2014-05,0.0025,1.164,1.1665,False
2014-06,0.0138,1.1839,1.1976,False
2014-07,0.0231,1.2091,1.2322,False
2014-08,0.0299,1.2261,1.256,False
2014-09,0.0351,1.234,1.269,False
2014-10,0.0394,1.2399,1.2793,False
2014-11,0.0411,1.2422,1.2832,False
2014-12,0.0367,1.2301,1.2668,False
2015-01,0.0286,1.2053,1.2338,False
2015-02,0.0241,1.1863,1.2103,False
2015-03,0.0228,1.174,1.1968,False
2015-04,0.022,1.1641,1.1861,False
2015-05,0.0217,1.1525,1.1742,False
2015-06,0.0307,1.1397,1.1704,False
2015-07,0.049,1.1248,1.1738,False
2015-08,0.0616,1.1055,1.1672,False
2015-09,0.0659,1.0754,1.1412,False
2015-10,0.069,1.0336,1.1026,False
2015-11,0.0701,0.9931,1.0632,False
2015-12,0.0638,0.9477,1.0115,False
2016-01,0.0498,0.9027,0.9525,False
2016-02,0.0367,0.8803,0.917,False
2016-03,0.0221,0.8755,0.8976,False
2016-04,0.0077,0.873,0.8807,False
2016-05,0.0009,0.8684,0.8693,False
2016-06,0.0103,0.848,0.8583,False
2016-07,0.0287,0.8134,0.8421,False
2016-08,0.0387,0.7881,0.8269,False
2016-09,0.0352,0.7763,0.8115,False
2016-10,0.0284,0.7669,0.7954,False
2016-11,0.0249,0.7634,0.7883,False
2016-12,0.0253,0.7637,0.789,False
2017-01,0.026,0.7647,0.7907,False
2017-02,0.0264,0.766,0.7924,False
2017-03,0.0197,0.779,0.7987,False
2017-04,0.0062,0.8006,0.8067,False
2017-05,-0.0059,0.8124,0.8065,False
2017-06,-0.0128,0.8098,0.797,False
2017-07,-0.0189,0.8048,0.7859,False
2017-08,-0.0249,0.802,0.7772,False
2017-09,-0.0314,0.8086,0.7772,False
2017-10,-0.0381,0.8233,0.7852,False
2017-11,-0.0437,0.8372,0.7935,False
2017-12,-0.048,0.8507,0.8027,False
2018-01,-0.0517,0.8636,0.8119,False
2018-02,-0.0556,0.8686,0.813,False
2018-03,-0.0616,0.8684,0.8068,False
2018-04,-0.0681,0.8678,0.7997,False
2018-05,-0.0738,0.8669,0.793,False
2018-06,-0.0771,0.8627,0.7857,False
2018-07,-0.0797,0.8558,0.7761,False
2018-08,-0.0842,0.8521,0.7679,False
2018-09,-0.1017,0.8543,0.7525,False
2018-10,-0.1349,0.8584,0.7234,False
2018-11,-0.1688,0.8605,0.6917,False
2018-12,-0.2057,0.8581,0.6524,False
2019-01,-0.2444,0.8536,0.6093,False
2019-02,-0.2693,0.8516,0.5822,False
2019-03,-0.2842,0.8535,0.5694,False
2019-04,-0.2948,0.8571,0.5623,False
2019-05,-0.3066,0.8591,0.5524,False
2019-06,-0.3244,0.8588,0.5344,False
2019-07,-0.344,0.858,0.514,False
2019-08,-0.3532,0.8568,0.5036,False
2019-09,-0.3261,0.8524,0.5263,False
2019-10,-0.2738,0.8429,0.5691,False
2019-11,-0.2467,0.8306,0.584,False
2019-12,-0.2468,0.8082,0.5614,False
2020-01,-0.2473,0.7762,0.5289,False
2020-02,-0.248,0.7485,0.5005,False
2020-03,-0.2604,0.7236,0.4632,False
2020-04,-0.2818,0.7011,0.4193,False
2020-05,-0.2937,0.6826,0.3889,False
2020-06,-0.2816,0.6675,0.3859,False
2020-07,-0.257,0.6543,0.3973,False
2020-08,-0.2403,0.6487,0.4084,False
2020-09,-0.2365,0.6493,0.4128,False
2020-10,-0.2341,0.6509,0.4168,False
2020-11,-0.2301,0.6533,0.4232,False
2020-12,-0.2076,0.6627,0.4552,False
2021-01,-0.1731,0.6809,0.5078,False
2021-02,-0.1576,0.6994,0.5417,False
2021-03,-0.1616,0.7266,0.5649,False
2021-04,-0.1688,0.757,0.5881,False
2021-05,-0.1729,0.7767,0.6038,False
2021-06,-0.165,0.7822,0.6173,False
2021-07,-0.1462,0.7857,0.6394,False
2021-08,-0.1261,0.7916,0.6655,False
2021-09,-0.1057,0.8123,0.7066,False
2021-10,-0.083,0.8512,0.7682,False
2021-11,-0.0673,0.8935,0.8262,False
2021-12,-0.0577,0.944,0.8862,False
2022-01,-0.0505,1.0018,0.9513,False
2022-02,-0.0474,1.0489,1.0015,False
2022-03,-0.0465,1.0943,1.0478,False
2022-04,-0.0459,1.1345,1.0886,False
2022-05,-0.0457,1.1662,1.1206,False
2022-06,-0.0476,1.1896,1.1421,False
2022-07,-0.0527,1.2094,1.1567,False
2022-08,-0.0599,1.2201,1.1602,False
2022-09,-0.079,1.224,1.145,False
2022-10,-0.1077,1.2268,1.1191,False
2022-11,-0.1218,1.2278,1.106,False
2022-12,-0.1195,1.2272,1.1077,False
2023-01,-0.1152,1.2262,1.1109,False
2023-02,-0.1133,1.2257,1.1124,False
2023-03,-0.1303,1.2422,1.1119,False
2023-04,-0.1608,1.2768,1.116,False
2023-05,-0.1778,1.3116,1.1338,False
2023-06,-0.1746,1.3421,1.1674,False
2023-07,-0.1664,1.3728,1.2065,False
2023-08,-0.1557,1.3895,1.2339,False
2023-09,-0.1396,1.3928,1.2532,False
2023-10,-0.1159,1.3946,1.2787,False
2023-11,-0.0921,1.3979,1.3058,False
2023-12,-0.0646,1.4181,1.3535,False
2024-01,-0.0363,1.4527,1.4164,False
2024-02,-0.02,1.4776,1.4576,False
2024-03,-0.0136,1.4908,1.4773,False
2024-04,-0.0095,1.5006,1.4911,False
2024-05,-0.0047,1.5102,1.5056,False
2024-06,0.0037,1.5197,1.5234,False
2024-07,0.0134,1.5291,1.5425,False
2024-08,0.0184,1.5387,1.5571,False
2024-09,0.0188,1.5481,1.5669,False
2024-10,0.019,1.5581,1.5771,False
2024-11,0.0194,1.5691,1.5885,False
2024-12,0.0349,1.584,1.619,False
2025-01,0.0623,1.6009,1.6632,True
2025-02,0.075,1.6139,1.6889,True
2025-03,0.073,1.6249,1.6979,True
2025-04,0.0695,1.634,1.7035,True
2025-05,0.0676,1.6425,1.7101,True
2025-06,0.0793,1.6499,1.7292,True
2025-07,0.1023,1.6568,1.759,True
2025-08,0.115,1.664,1.7789,True
2025-09,0.1153,1.6715,1.7868,True
2025-10,0.1155,1.6796,1.7951,True
2025-11,0.1156,1.6881,1.8038,True
2025-12,0.1158,1.6986,1.8144,True
2026-01,0.1161,1.7099,1.8259,True
2026-02,0.1163,1.719,1.8352,True
2026-03,0.1165,1.7274,1.8439,True
2026-04,0.1167,1.7348,1.8515,True
2026-05,0.1169,1.7414,1.8583,True
2026-06,0.1171,1.7414,1.8585,True
2026-07,0.1173,1.7414,1.8588,True
