ym,tp_30y,tp_40y
2006-01,1.3122641818962808,
2006-02,1.2241111290023712,
2006-03,1.273489451045401,
2006-04,1.4545610991420084,
2006-05,1.4427702893615686,
2006-06,1.5475985446678076,
2006-07,1.5903881696287303,
2006-08,1.4280990779591296,
2006-09,1.4515048792284688,
2006-10,1.476846618678368,
2006-11,1.417914176002614,
2006-12,1.3646210053732428,
2007-01,1.43529937624891,
2007-02,1.3336632850153831,
2007-03,1.3639090437094517,
2007-04,1.3610183984378688,
2007-05,1.4199319527159358,
2007-06,1.4986786133600938,
2007-07,1.5137267436388018,
2007-08,1.4976937544842477,
2007-09,1.5306217264408517,
2007-10,1.6069265433163855,
2007-11,1.5111763234028817,1.5822625936929486
2007-12,1.558523541784762,1.630491719607712
2008-01,1.5792628273596026,1.7383677408003742
2008-02,1.5314373584697305,1.7056776406896947
2008-03,1.690669756787769,1.8807812938485624
2008-04,1.639433563777199,1.7981870961222035
2008-05,1.7519217173690071,1.8585619550107144
2008-06,1.731910142941968,1.831582993063555
2008-07,1.7576228508649567,1.89795273614398
2008-08,1.689345079101745,1.844051326356158
2008-09,1.7348398367266529,1.8796682913237623
2008-10,1.8480903775496536,1.9685785453408204
2008-11,1.825215369390996,1.8615334819932683
2008-12,1.462787155214346,1.5392201605137006
2009-01,1.6347634407956697,1.690307067931479
2009-02,1.6532823878340248,1.5920272773365038
2009-03,1.6612828328135394,1.6340535707007091
2009-04,1.7224728003193492,1.6752312251489114
2009-05,1.8552031863696772,1.7361574751868507
2009-06,1.788964500046558,1.7517619619410283
2009-07,1.893883867983892,1.9190085627099176
2009-08,1.837177891306112,1.837048407588378
2009-09,1.7991216417699527,1.7629796021719109
2009-10,1.7796219571159215,1.8010703757697688
2009-11,1.6570387284422852,1.650124898316948
2009-12,1.67756093525233,1.6691191904215987
2010-01,1.7154232087867087,1.7102489323886017
2010-02,1.7346102471430118,1.728065603364821
2010-03,1.730357454820053,1.675358122195526
2010-04,1.6608181594665463,1.6065383620394835
2010-05,1.6533995712703269,1.602515270983563
2010-06,1.5349086564248613,1.5064309544782315
2010-07,1.4567882051267849,1.4563887369917752
2010-08,1.401467508466307,1.3513791054700095
2010-09,1.4820917726619445,1.4241840493269768
2010-10,1.5987291359390938,1.5903582447182425
2010-11,1.6648766059072369,1.621215808643846
2010-12,1.5869099151922723,1.5709397554727784
2011-01,1.648435360415014,1.6826130634737004
2011-02,1.6132787837985587,1.7101767382086197
2011-03,1.6934370733953288,1.831209638430216
2011-04,1.695622248864862,1.8246721400953976
2011-05,1.6169768970117495,1.749995838684032
2011-06,1.58218125689484,1.754601628115568
2011-07,1.6020465126736476,1.8261569846360808
2011-08,1.578173903125447,1.874674189191361
2011-09,1.4402930601738335,1.6305646215990828
2011-10,1.4708733414787596,1.7691885832214955
2011-11,1.4820293475009136,1.732648728956096
2011-12,1.4570058296107304,1.6912360057018931
2012-01,1.4572149284402598,1.7030830070369194
2012-02,1.454357412172226,1.6715385377999206
2012-03,1.4301456517374591,1.5998784882213544
2012-04,1.452247104573842,1.6373901837780385
2012-05,1.3895210112939749,1.5722871606447049
2012-06,1.4452112355994693,1.6701121260833014
2012-07,1.3867171308087176,1.5994451076353802
2012-08,1.407817721575486,1.6494722459780733
2012-09,1.4150176813513906,1.6087289213238782
2012-10,1.4422316536056248,1.6453407470541954
2012-11,1.4379574445346746,1.6203882677227437
2012-12,1.4655274260450497,1.6055010857962362
2013-01,1.4936500639355828,1.6323127512758275
2013-02,1.3519340168445315,1.460758324752371
2013-03,1.1018467151567974,1.1235527145862028
2013-04,1.164019385218803,1.1209024543854378
2013-05,1.1653303184132675,1.2011672751192004
2013-06,1.2894649090298456,1.2762060030142877
2013-07,1.3032332526245636,1.2747246817544515
2013-08,1.2574059312500148,1.2616589666466562
2013-09,1.1975122060936496,1.1859030954850842
2013-10,1.1999523886851755,1.1658295196300583
2013-11,1.173103921701288,1.16167815928803
2013-12,1.177198242955741,1.1275923655043298
2014-01,1.108910644355244,1.0764113006870524
2014-02,1.1114555042101062,1.0791372250419784
2014-03,1.1356093924298618,1.111899201973789
2014-04,1.1513592438491496,1.1432736657388054
2014-05,1.1506513125573572,1.1529500293112376
2014-06,1.102297276303542,1.140699900272876
2014-07,1.1209278569650822,1.1426637275828622
2014-08,1.0478408471745886,1.1263587116083498
2014-09,1.0213924324419137,1.0761197459410206
2014-10,0.9858058611972064,1.0712393623115746
2014-11,0.8883746537691978,0.9328336389322274
2014-12,0.7333886076637381,0.7516415098117257
2015-01,0.7654398295021515,0.7844364915854168
2015-02,0.8557893213019477,0.9029283503711328
2015-03,0.7660038463695664,0.7820096138539945
2015-04,0.7731423562580969,0.820318887713805
2015-05,0.8722039647883847,0.9194373803035968
2015-06,0.8259610763734329,0.8647024725670507
2015-07,0.8235211327625946,0.857863805006028
2015-08,0.85025619653236,0.8893120505892319
2015-09,0.8405756535541682,0.8770391384966679
2015-10,0.8079887778139815,0.8553429078280106
2015-11,0.8408343140901274,0.8966453893487252
2015-12,0.7178049675564145,0.7492132928214071
2016-01,0.6066670854724325,0.6445479889247746
2016-02,0.4378957930482667,0.4663368510031079
2016-03,0.2201905695191527,0.1621647446426493
2016-04,0.0028930824982176,-0.079125350279389
2016-05,-0.0033208634665913,-0.0969065587145324
2016-06,-0.139028451921594,-0.2606193927302035
2016-07,-0.0363080963534203,-0.112222298218281
2016-08,0.0980890573421586,0.0224310960289757
2016-09,0.1515800804281462,0.078309485582618
2016-10,0.1628820037058952,0.0951354478867565
2016-11,0.2236082633575389,0.1662999387911854
2016-12,0.352989112479642,0.3007108840777965
2017-01,0.4404831476642078,0.4021553591059181
2017-02,0.4139931457812431,0.3748482715230782
2017-03,0.432203388657044,0.4262063999107616
2017-04,0.3816293804865653,0.3806233285513193
2017-05,0.3900676419174982,0.4531065360441999
2017-06,0.4113457845804228,0.5135359285388672
2017-07,0.4120837240068753,0.5458756288608566
2017-08,0.3866346212959687,0.5119186922508705
2017-09,0.3945365636836559,0.5224775004384925
2017-10,0.4034045841100853,0.5254901959690363
2017-11,0.3835799620520215,0.4759561361673503
2017-12,0.3674225349068904,0.4483974929191467
2018-01,0.3818393746916232,0.4474312599421082
2018-02,0.3451961572323695,0.3911989828846717
2018-03,0.3151153313417075,0.3736557257629417
2018-04,0.3223409740404511,0.3624732257517455
2018-05,0.2895484583886963,0.3515629444894527
2018-06,0.2930519747462637,0.3545162132395009
2018-07,0.3158387286604159,0.3640537671957237
2018-08,0.3994606290195184,0.4632409391392382
2018-09,0.4416208268607736,0.5227228019281107
2018-10,0.4451165234957931,0.5023043282316471
2018-11,0.3921652601549927,0.441652199315959
2018-12,0.3139449544790508,0.3434946897208252
2019-01,0.24271384793745,0.2457633481068806
2019-02,0.2144392296130738,0.2048772954696133
2019-03,0.1334629736289369,0.0972883710043627
2019-04,0.1629966724946495,0.131392338894095
2019-05,0.0734964507508389,0.013567812401643
2019-06,0.0228175768337767,-0.0440916527916343
2019-07,-0.0107404929226582,-0.0805550936997
2019-08,-0.1653433553001188,-0.2769413780703964
2019-09,0.0059271571711165,-0.0409042683458225
2019-10,0.01236612266383,-0.0606954236030413
2019-11,0.0175688296527009,-0.0444080211686769
2019-12,0.027161044004072,-0.0512763044466765
2020-01,-0.011285681657824,-0.0992438254223104
2020-02,-0.0746954423749627,-0.1706872239184311
2020-03,0.0688120696280915,-0.0392693833374661
2020-04,0.0677418319664706,-0.0411729058946285
2020-05,0.1148057880810517,0.0326839479869629
2020-06,0.1759986246300997,0.1020425901881765
2020-07,0.1345927989929909,0.0359038026102249
2020-08,0.1753353613926537,0.0933009879107137
2020-09,0.1711439589597456,0.0972773672360959
2020-10,0.1774825158925155,0.1106649543263063
2020-11,0.1643603314579477,0.1165539902494809
2020-12,0.171033063413149,0.1073946137149743
2021-01,0.2327689310515996,0.1581827612026737
2021-02,0.3072081093452956,0.2395076585634571
2021-03,0.2373395877319191,0.1634059976504174
2021-04,0.2119037280526985,0.14330152219301
2021-05,0.2073017529896011,0.1672525291589004
2021-06,0.2240350007014724,0.212023839343081
2021-07,0.1647223718459308,0.1711064464784715
2021-08,0.1772210658593712,0.1823335265932515
2021-09,0.2056823734149074,0.2030743706309851
2021-10,0.2239006924208276,0.1664960555655408
2021-11,0.2199277364808614,0.1761604865826338
2021-12,0.244699046227784,0.2043905916667417
2022-01,0.3145844355169672,0.2616952022527407
2022-02,0.3823422525379124,0.323061073682378
2022-03,0.3982267143773869,0.3353431450108067
2022-04,0.4025250032191718,0.3622875055800598
2022-05,0.4347232452803783,0.4393055770825038
2022-06,0.5549949175809649,0.573526806897159
2022-07,0.5500267693515362,0.5916770632044849
2022-08,0.5199413454954351,0.5348513981883863
2022-09,0.6314792714970048,0.6872579076102647
2022-10,0.6645100848635295,0.7055843721253134
2022-11,0.7128582239761119,0.7819547999319225
2022-12,0.7730335337745552,0.8412519851872615
2023-01,0.8397032937771369,0.8543224496109475
2023-02,0.5824502258516087,0.5252545289647973
2023-03,0.4838763463054465,0.4581881112971733
2023-04,0.5055708645979222,0.4864152633001384
2023-05,0.4958375423638922,0.5467566988357206
2023-06,0.4875176947971367,0.5378597974388539
2023-07,0.6425913505859139,0.6990509879060106
2023-08,0.7368338602567087,0.7911948678896243
2023-09,0.7387204603418276,0.7744949017150102
2023-10,0.9260625203300256,0.9079941469983082
2023-11,0.7313052289245487,0.7699163462464684
2023-12,0.7644724169495447,0.7929057716400776
2024-01,0.8377269714074347,0.8687643915828529
2024-02,0.7655881150207178,0.7957475114109056
2024-03,0.8245545787741861,0.8819571306145333
2024-04,0.921036980400777,0.9685833218124866
2024-05,1.0809771308367655,1.3308462689630152
2024-06,1.0857769286822516,1.341567702348657
2024-07,1.1019359297239244,1.3731384649516858
2024-08,1.056838184478843,1.3564827801525228
2024-09,1.0199582229519415,1.3441034696148626
2024-10,1.0620680840056704,1.4648138291379635
2024-11,1.0967336216265935,1.5223719833878804
2024-12,1.1038209732998907,1.4974783060957393
2025-01,1.0707822887371106,1.428180275944523
2025-02,1.0752666523212473,1.3963320889448272
2025-03,1.2054160416164266,1.401545031980404
2025-04,1.3244982620325652,1.6465731518086504
2025-05,1.528804090190365,2.051756082563368
2025-06,1.4760238691252163,2.0492861624773417
2025-07,1.634841317551441,2.2128335064974918
2025-08,1.6710214786511743,2.184342790002282
2025-09,1.5815720772321464,2.0538027468435383
2025-10,1.605298835033757,2.003212084367899
2025-11,1.7642563716581987,2.235664000267823
2025-12,1.7458975176765243,1.944178887697578
2026-01,1.9381260856617004,2.1087802699515232
2026-02,1.7235801951009084,1.864532005810988
2026-03,1.9539431484036147,2.052924773060131
2026-04,1.973688246512363,1.9833974101191492
2026-05,2.06334147232321,1.8979180183510012
2026-06,2.0782025854432686,1.86281203559315
2026-07,2.0697493324820315,1.875651801217124
