YM,Type,Policy_Rate,US_TP10,US_TP10_base,US_TP10_up,US_TP10_down,US_TP10_bp,US_TP10_base_bp,US_TP10_up_bp,US_TP10_down_bp,Yield_2Y,RN_2Y,TP_2Y,Yield_5Y,RN_5Y,TP_5Y,Yield_10Y,RN_10Y,TP_10Y,Yield_20Y,RN_20Y,TP_20Y,Yield_30Y,RN_30Y,TP_30Y,Yield_40Y,RN_40Y,TP_40Y,Fan_hi_10Y,Fan_lo_10Y,Fan_hi_TP_10Y,Fan_lo_TP_10Y,Fan_hi_20Y,Fan_lo_20Y,Fan_hi_TP_20Y,Fan_lo_TP_20Y,Fan_hi_30Y,Fan_lo_30Y,Fan_hi_TP_30Y,Fan_lo_TP_30Y,Fan_hi_40Y,Fan_lo_40Y,Fan_hi_TP_40Y,Fan_lo_TP_40Y
2002-07,actual,0.0010,2.4142,,,,241.4,,,,0.0567,0.0521,0.0046,0.4249,0.1704,0.2545,1.3656,0.3032,1.0624,2.1415,0.4517,1.6898,2.3867,0.5106,1.8762,,,,,,,,,,,,,,,,,,,
2002-08,actual,0.0020,2.1847,,,,218.5,,,,0.0409,0.0585,-0.0176,0.3218,0.1750,0.1469,1.1877,0.3042,0.8835,1.9849,0.4499,1.5349,2.2427,0.5084,1.7343,,,,,,,,,,,,,,,,,,,
2002-09,actual,0.0670,2.0388,,,,203.9,,,,0.0717,0.0395,0.0322,0.3711,0.1312,0.2399,1.1909,0.2492,0.9417,1.9728,0.3974,1.5754,2.1555,0.4638,1.6917,,,,,,,,,,,,,,,,,,,
2002-10,actual,0.0020,2.3920,,,,239.2,,,,0.0582,0.0709,-0.0127,0.2870,0.1965,0.0905,0.9945,0.3348,0.6597,1.8075,0.4861,1.3214,2.0798,0.5482,1.5317,,,,,,,,,,,,,,,,,,,
2002-11,actual,0.0020,2.3758,,,,237.6,,,,0.0733,0.0469,0.0264,0.3163,0.1296,0.1867,1.0053,0.2385,0.7668,1.7762,0.3828,1.3934,1.9335,0.4504,1.4832,,,,,,,,,,,,,,,,,,,
2002-12,actual,0.0020,2.2400,,,,224.0,,,,0.0643,0.0507,0.0136,0.3112,0.1495,0.1616,0.9101,0.2724,0.6377,1.6704,0.4255,1.2449,1.8517,0.4964,1.3552,,,,,,,,,,,,,,,,,,,
2003-01,actual,0.0010,2.2088,,,,220.9,,,,0.0578,0.0436,0.0141,0.2835,0.1180,0.1654,0.8085,0.2246,0.5839,1.4130,0.3785,1.0345,1.5288,0.4563,1.0725,,,,,,,,,,,,,,,,,,,
2003-02,actual,0.0010,2.0571,,,,205.7,,,,0.0600,0.0384,0.0216,0.2836,0.1115,0.1720,0.7899,0.2180,0.5718,1.4019,0.3726,1.0293,1.5111,0.4514,1.0597,,,,,,,,,,,,,,,,,,,
2003-03,actual,0.0210,2.1925,,,,219.2,,,,0.0666,0.0309,0.0357,0.2576,0.0944,0.1632,0.6982,0.1971,0.5011,1.2275,0.3533,0.8743,1.3086,0.4351,0.8735,,,,,,,,,,,,,,,,,,,
2003-04,actual,0.0020,2.1515,,,,215.2,,,,0.0560,0.0429,0.0131,0.2474,0.1172,0.1302,0.6056,0.2290,0.3766,0.9983,0.3935,0.6047,1.0928,0.4792,0.6136,,,,,,,,,,,,,,,,,,,
2003-05,actual,0.0020,1.8214,,,,182.1,,,,0.0448,0.0255,0.0193,0.2171,0.1171,0.1001,0.5358,0.2438,0.2920,1.0063,0.4116,0.5947,1.1336,0.4954,0.6382,,,,,,,,,,,,,,,,,,,
2003-06,actual,0.0010,1.9654,,,,196.5,,,,0.0753,0.0536,0.0217,0.4148,0.1608,0.2541,0.8533,0.2994,0.5539,1.2833,0.4743,0.8091,1.4265,0.5584,0.8681,,,,,,,,,,,,,,,,,,,
2003-07,actual,0.0020,2.7973,,,,279.7,,,,0.0751,0.0647,0.0104,0.3871,0.1964,0.1907,0.9668,0.3485,0.6183,1.5540,0.5213,1.0327,1.7913,0.5984,1.1929,,,,,,,,,,,,,,,,,,,
2003-08,actual,0.0010,2.5330,,,,253.3,,,,0.1943,0.0878,0.1065,0.7716,0.1843,0.5873,1.4827,0.3097,1.1730,1.9528,0.4792,1.4736,2.0733,0.5616,1.5117,,,,,,,,,,,,,,,,,,,
2003-09,actual,0.0130,2.3096,,,,231.0,,,,0.1823,0.0646,0.1177,0.7277,0.1639,0.5638,1.4677,0.2962,1.1716,1.9624,0.4702,1.4923,2.0890,0.5548,1.5342,,,,,,,,,,,,,,,,,,,
2003-10,actual,0.0020,2.4541,,,,245.4,,,,0.1314,0.0758,0.0556,0.7241,0.1950,0.5291,1.5348,0.3401,1.1947,2.1204,0.5212,1.5991,2.2935,0.6077,1.6858,,,,,,,,,,,,,,,,,,,
2003-11,actual,0.0010,2.3336,,,,233.4,,,,0.1243,0.0822,0.0421,0.6602,0.2196,0.4406,1.3824,0.3777,1.0047,1.9182,0.5592,1.3590,2.1363,0.6405,1.4957,,,,,,,,,,,,,,,,,,,
2003-12,actual,0.0010,2.3443,,,,234.4,,,,0.1004,0.0834,0.0169,0.6754,0.2185,0.4569,1.4391,0.3766,1.0626,1.9631,0.5666,1.3965,2.1705,0.6563,1.5143,,,,,,,,,,,,,,,,,,,
2004-01,actual,0.0010,2.2084,,,,220.8,,,,0.0667,0.0575,0.0093,0.6108,0.1937,0.4171,1.4104,0.3563,1.0541,1.9765,0.5507,1.4258,2.1865,0.6435,1.5430,,,,,,,,,,,,,,,,,,,
2004-02,actual,0.0010,2.0919,,,,209.2,,,,0.0555,0.0981,-0.0426,0.5501,0.2585,0.2916,1.3466,0.4334,0.9133,1.9176,0.6300,1.2876,2.2144,0.7197,1.4947,,,,,,,,,,,,,,,,,,,
2004-03,actual,0.0050,2.0882,,,,208.8,,,,0.1224,0.1061,0.0163,0.7314,0.2817,0.4497,1.5318,0.4702,1.0616,2.0190,0.6689,1.3501,2.3227,0.7537,1.5689,,,,,,,,,,,,,,,,,,,
2004-04,actual,0.0010,2.3061,,,,230.6,,,,0.1360,0.1094,0.0266,0.7984,0.3173,0.4811,1.6466,0.5330,1.1136,2.1534,0.7427,1.4107,2.5209,0.8272,1.6937,,,,,,,,,,,,,,,,,,,
2004-05,actual,0.0020,2.3114,,,,231.1,,,,0.1379,0.0981,0.0398,0.8013,0.2874,0.5139,1.6569,0.4914,1.1655,2.1679,0.7015,1.4664,2.4888,0.7918,1.6970,,,,,,,,,,,,,,,,,,,
2004-06,actual,0.0020,2.1408,,,,214.1,,,,0.1716,0.1263,0.0453,0.9405,0.3043,0.6362,1.8950,0.4938,1.4012,2.4020,0.6987,1.7033,2.7030,0.7883,1.9147,,,,,,,,,,,,,,,,,,,
2004-07,actual,0.0010,2.0104,,,,201.0,,,,0.2110,0.1048,0.1061,1.0160,0.3049,0.7111,1.9878,0.5207,1.4670,2.5570,0.7397,1.8173,2.8841,0.8340,2.0501,,,,,,,,,,,,,,,,,,,
2004-08,actual,0.0010,1.8130,,,,181.3,,,,0.1493,0.1314,0.0179,0.8186,0.3433,0.4753,1.6970,0.5601,1.1369,2.2481,0.7736,1.4745,2.6397,0.8621,1.7776,,,,,,,,,,,,,,,,,,,
2004-09,actual,0.0050,1.6381,,,,163.8,,,,0.1299,0.1323,-0.0024,0.7419,0.3438,0.3981,1.5690,0.5592,1.0097,2.1411,0.7717,1.3694,2.5402,0.8601,1.6801,,,,,,,,,,,,,,,,,,,
2004-10,actual,0.0020,1.5566,,,,155.7,,,,0.1204,0.1335,-0.0131,0.7531,0.3733,0.3798,1.6249,0.6129,1.0119,2.1795,0.8367,1.3428,2.6402,0.9260,1.7142,,,,,,,,,,,,,,,,,,,
2004-11,actual,0.0010,1.5592,,,,155.9,,,,0.1022,0.1248,-0.0226,0.7203,0.3641,0.3562,1.5973,0.6042,0.9931,2.1428,0.8296,1.3132,2.6026,0.9203,1.6823,,,,,,,,,,,,,,,,,,,
2004-12,actual,0.0020,1.3378,,,,133.8,,,,0.1026,0.1205,-0.0180,0.7095,0.3525,0.3569,1.5643,0.5910,0.9733,2.1159,0.8246,1.2914,2.5549,0.9252,1.6297,,,,,,,,,,,,,,,,,,,
2005-01,actual,0.0010,0.9753,,,,97.5,,,,0.0856,0.1267,-0.0411,0.6324,0.3667,0.2657,1.4599,0.6089,0.8511,2.0428,0.8409,1.2019,2.5155,0.9389,1.5766,,,,,,,,,,,,,,,,,,,
2005-02,actual,0.0010,0.9449,,,,94.5,,,,0.1242,0.1286,-0.0044,0.7556,0.3730,0.3825,1.5987,0.6203,0.9784,2.1384,0.8538,1.2846,2.6010,0.9504,1.6507,,,,,,,,,,,,,,,,,,,
2005-03,actual,0.0220,0.9621,,,,96.2,,,,0.0985,0.1109,-0.0123,0.6232,0.3268,0.2964,1.4555,0.5552,0.9003,2.0189,0.7886,1.2303,2.4360,0.8942,1.5418,,,,,,,,,,,,,,,,,,,
2005-04,actual,0.0010,0.7168,,,,71.7,,,,0.0724,0.1201,-0.0476,0.5151,0.3505,0.1646,1.3648,0.5886,0.7763,1.9432,0.8286,1.1146,2.4204,0.9376,1.4829,,,,,,,,,,,,,,,,,,,
2005-05,actual,0.0020,0.5041,,,,50.4,,,,0.0756,0.1231,-0.0476,0.5161,0.3586,0.1575,1.3870,0.5999,0.7872,1.9785,0.8397,1.1388,2.4726,0.9470,1.5255,,,,,,,,,,,,,,,,,,,
2005-06,actual,0.0010,0.3476,,,,34.8,,,,0.0687,0.1120,-0.0433,0.4622,0.3403,0.1219,1.2845,0.5785,0.7059,1.9170,0.8187,1.0983,2.3930,0.9290,1.4640,,,,,,,,,,,,,,,,,,,
2005-07,actual,0.0010,0.4175,,,,41.7,,,,0.1105,0.1354,-0.0249,0.6137,0.3803,0.2334,1.4481,0.6311,0.8170,2.0721,0.8776,1.1945,2.5687,0.9886,1.5800,,,,,,,,,,,,,,,,,,,
2005-08,actual,0.0010,0.2626,,,,26.3,,,,0.1389,0.1280,0.0109,0.6538,0.3612,0.2926,1.4881,0.6057,0.8824,2.0913,0.8530,1.2383,2.5544,0.9676,1.5868,,,,,,,,,,,,,,,,,,,
2005-09,actual,0.0040,0.4378,,,,43.8,,,,0.2306,0.1220,0.1087,0.8603,0.3669,0.4934,1.5947,0.6270,0.9677,2.1192,0.8784,1.2408,2.5577,0.9903,1.5674,,,,,,,,,,,,,,,,,,,
2005-10,actual,0.0000,0.5163,,,,51.6,,,,0.2875,0.1218,0.1657,0.9283,0.3672,0.5612,1.6807,0.6303,1.0504,2.1382,0.8829,1.2553,2.5764,0.9945,1.5819,,,,,,,,,,,,,,,,,,,
2005-11,actual,0.0010,0.4884,,,,48.8,,,,0.2323,0.1294,0.1028,0.8263,0.3890,0.4373,1.5756,0.6622,0.9134,2.0707,0.9220,1.1487,2.5540,1.0373,1.5168,,,,,,,,,,,,,,,,,,,
2005-12,actual,0.0040,0.2286,,,,22.9,,,,0.2840,0.1914,0.0925,0.9039,0.4128,0.4912,1.5855,0.6414,0.9442,2.0461,0.8775,1.1686,2.4694,0.9864,1.4830,,,,,,,,,,,,,,,,,,,
2006-01,actual,0.0010,0.2766,,,,27.7,,,,0.3103,0.2035,0.1068,0.9726,0.4293,0.5433,1.6724,0.6602,1.0122,2.1095,0.8952,1.2143,2.5389,1.0014,1.5376,,,,,,,,,,,,,,,,,,,
2006-02,actual,0.0020,0.1413,,,,14.1,,,,0.4918,0.2898,0.2021,1.1472,0.4565,0.6907,1.6845,0.6294,1.0551,2.0315,0.8347,1.1968,2.3554,0.9353,1.4201,,,,,,,,,,,,,,,,,,,
2006-03,actual,0.0040,0.4732,,,,47.3,,,,0.6750,0.3838,0.2913,1.3400,0.5023,0.8376,1.8272,0.6262,1.2010,2.0826,0.8103,1.2723,2.3399,0.9097,1.4303,,,,,,,,,,,,,,,,,,,
2006-04,actual,0.0060,0.7142,,,,71.4,,,,0.6625,0.4167,0.2458,1.4024,0.5425,0.8599,2.0076,0.6638,1.3438,2.2739,0.8429,1.4310,2.5630,0.9368,1.6262,,,,,,,,,,,,,,,,,,,
2006-05,actual,0.0210,0.6737,,,,67.4,,,,0.8300,0.5248,0.3053,1.3727,0.5980,0.7747,1.9127,0.6675,1.2452,2.2184,0.8120,1.4064,2.4727,0.8950,1.5777,,,,,,,,,,,,,,,,,,,
2006-06,actual,0.0270,0.5860,,,,58.6,,,,0.8583,0.5581,0.3002,1.4433,0.6417,0.8016,1.9941,0.7165,1.2776,2.3439,0.8560,1.4880,2.6232,0.9317,1.6915,,,,,,,,,,,,,,,,,,,
2006-07,actual,0.2670,0.5150,,,,51.5,,,,0.8645,0.5574,0.3070,1.4324,0.6415,0.7909,2.0003,0.7294,1.2709,2.3958,0.8727,1.5230,2.6780,0.9470,1.7310,,,,,,,,,,,,,,,,,,,
2006-08,actual,0.2660,0.3654,,,,36.5,,,,0.6782,0.4506,0.2276,1.1284,0.5701,0.5583,1.7032,0.7021,1.0011,2.1986,0.8750,1.3237,2.5349,0.9628,1.5721,,,,,,,,,,,,,,,,,,,
2006-09,actual,0.3390,0.3009,,,,30.1,,,,0.6937,0.4864,0.2073,1.1450,0.6004,0.5446,1.7357,0.7228,1.0129,2.2320,0.8815,1.3505,2.5761,0.9578,1.6183,,,,,,,,,,,,,,,,,,,
2006-10,actual,0.2560,0.2599,,,,26.0,,,,0.7661,0.5547,0.2114,1.2120,0.6509,0.5611,1.7797,0.7433,1.0365,2.2389,0.8859,1.3530,2.5791,0.9581,1.6210,,,,,,,,,,,,,,,,,,,
2006-11,actual,0.2710,0.1575,,,,15.7,,,,0.8481,0.5793,0.2688,1.2185,0.6537,0.5648,1.7102,0.7315,0.9787,2.1659,0.8597,1.3062,2.4662,0.9249,1.5414,,,,,,,,,,,,,,,,,,,
2006-12,actual,0.2750,0.3012,,,,30.1,,,,0.8936,0.6047,0.2890,1.3021,0.6792,0.6229,1.7483,0.7570,0.9913,2.1456,0.8818,1.2638,2.4361,0.9432,1.4929,,,,,,,,,,,,,,,,,,,
2007-01,actual,0.2820,0.3290,,,,32.9,,,,0.7939,0.5438,0.2501,1.2188,0.6324,0.5865,1.7418,0.7259,1.0159,2.1906,0.8628,1.3278,2.4969,0.9295,1.5674,,,,,,,,,,,,,,,,,,,
2007-02,actual,0.5890,0.2780,,,,27.8,,,,0.9246,0.6166,0.3080,1.2139,0.6755,0.5384,1.6596,0.7576,0.9020,2.1047,0.8831,1.2215,2.3892,0.9445,1.4447,,,,,,,,,,,,,,,,,,,
2007-03,actual,0.7150,0.4422,,,,44.2,,,,0.9053,0.6226,0.2827,1.1935,0.6925,0.5010,1.6692,0.7858,0.8834,2.1358,0.9129,1.2230,2.4543,0.9704,1.4839,,,,,,,,,,,,,,,,,,,
2007-04,actual,0.5390,0.3985,,,,39.8,,,,0.9343,0.6806,0.2537,1.2023,0.7318,0.4705,1.6393,0.7900,0.8493,2.1081,0.8928,1.2153,2.4146,0.9403,1.4743,,,,,,,,,,,,,,,,,,,
2007-05,actual,0.5440,0.4523,,,,45.2,,,,1.0450,0.7726,0.2724,1.3464,0.7932,0.5531,1.7513,0.8126,0.9387,2.1774,0.8877,1.2897,2.4484,0.9225,1.5260,,,,,,,,,,,,,,,,,,,
2007-06,actual,0.6050,0.6356,,,,63.6,,,,1.0968,0.8214,0.2754,1.4604,0.8417,0.6187,1.8717,0.8575,1.0142,2.2896,0.9252,1.3643,2.5656,0.9532,1.6125,,,,,,,,,,,,,,,,,,,
2007-07,actual,0.5160,0.6243,,,,62.4,,,,1.0283,0.8185,0.2098,1.3707,0.8385,0.5322,1.7955,0.8467,0.9488,2.2699,0.9045,1.3653,2.5495,0.9256,1.6239,,,,,,,,,,,,,,,,,,,
2007-08,actual,0.4980,0.7746,,,,77.5,,,,0.9442,0.7092,0.2350,1.1760,0.7455,0.4305,1.6131,0.7811,0.8320,2.1894,0.8584,1.3310,2.4860,0.8900,1.5960,,,,,,,,,,,,,,,,,,,
2007-09,actual,0.6750,0.9725,,,,97.3,,,,0.8897,0.6900,0.1996,1.1950,0.7458,0.4493,1.6737,0.8053,0.8684,2.2465,0.8915,1.3550,2.5652,0.9206,1.6446,,,,,,,,,,,,,,,,,,,
2007-10,actual,0.5240,0.8743,,,,87.4,,,,0.8351,0.6657,0.1694,1.0971,0.7257,0.3715,1.6180,0.7823,0.8357,2.2606,0.8697,1.3909,2.5980,0.9019,1.6961,,,,,,,,,,,,,,,,,,,
2007-11,actual,0.5200,1.1129,,,,111.3,,,,0.8276,0.6082,0.2194,1.0414,0.6590,0.3824,1.4946,0.7174,0.7771,2.1307,0.8061,1.3246,2.4219,0.8400,1.5819,2.5489,0.9032,1.6458,,,,,,,,,,,,,,,,
2007-12,actual,0.4590,1.2408,,,,124.1,,,,0.7696,0.5493,0.2204,1.0136,0.6110,0.4026,1.4944,0.6838,0.8105,2.1679,0.7834,1.3844,2.4514,0.8228,1.6285,2.5830,0.8891,1.6939,,,,,,,,,,,,,,,,
2008-01,actual,0.5080,1.5579,,,,155.8,,,,0.6491,0.4427,0.2063,0.9073,0.5358,0.3716,1.4420,0.6511,0.7909,2.1719,0.7743,1.3976,2.4753,0.8201,1.6552,2.6940,0.8873,1.8066,,,,,,,,,,,,,,,,
2008-02,actual,0.5120,1.8053,,,,180.5,,,,0.6551,0.4395,0.2156,0.8531,0.5218,0.3313,1.3772,0.6287,0.7485,2.0916,0.7432,1.3484,2.3808,0.7840,1.5968,2.6149,0.8491,1.7658,,,,,,,,,,,,,,,,
2008-03,actual,0.6410,1.9304,,,,193.0,,,,0.6241,0.4135,0.2106,0.7494,0.4961,0.2533,1.2919,0.6097,0.6822,2.2075,0.7276,1.4798,2.5128,0.7712,1.7416,2.7675,0.8379,1.9296,,,,,,,,,,,,,,,,
2008-04,actual,0.5220,1.5697,,,,157.0,,,,0.8294,0.5566,0.2728,1.1509,0.6351,0.5158,1.5897,0.7202,0.8695,2.2661,0.8050,1.4611,2.5644,0.8232,1.7412,2.7679,0.8735,1.8944,,,,,,,,,,,,,,,,
2008-05,actual,0.5270,1.5776,,,,157.8,,,,0.9377,0.6164,0.3213,1.3564,0.6497,0.7067,1.7816,0.6890,1.0926,2.3749,0.7517,1.6232,2.5811,0.7651,1.8161,2.7340,0.8170,1.9170,,,,,,,,,,,,,,,,
2008-06,actual,0.5720,1.4424,,,,144.2,,,,0.9039,0.5978,0.3061,1.1859,0.6247,0.5612,1.6277,0.6593,0.9685,2.2818,0.7154,1.5664,2.5076,0.7248,1.7828,2.6550,0.7752,1.8798,,,,,,,,,,,,,,,,
2008-07,actual,0.5190,1.5821,,,,158.2,,,,0.8400,0.5599,0.2801,1.1215,0.5995,0.5220,1.5626,0.6469,0.9156,2.2961,0.7095,1.5866,2.5289,0.7211,1.8078,2.7178,0.7721,1.9457,,,,,,,,,,,,,,,,
2008-08,actual,0.5160,1.5529,,,,155.3,,,,0.7507,0.5248,0.2259,0.9932,0.5690,0.4242,1.4456,0.6205,0.8250,2.1883,0.6815,1.5068,2.4268,0.6892,1.7377,2.6284,0.7378,1.8905,,,,,,,,,,,,,,,,
2008-09,actual,0.5440,2.0316,,,,203.2,,,,0.7870,0.4825,0.3045,1.0653,0.5174,0.5479,1.4966,0.5722,0.9244,2.2205,0.6408,1.5797,2.4059,0.6555,1.7504,2.6019,0.7094,1.8925,,,,,,,,,,,,,,,,
2008-10,actual,0.3840,3.4375,,,,343.7,,,,0.5630,0.2663,0.2966,0.8961,0.3123,0.5839,1.5030,0.3953,1.1077,2.2468,0.5032,1.7436,2.3750,0.5456,1.8294,2.5676,0.6191,1.9484,,,,,,,,,,,,,,,,
2008-11,actual,0.3180,2.3925,,,,239.3,,,,0.6716,0.2699,0.4017,0.9083,0.2980,0.6103,1.4616,0.3671,1.0946,2.1951,0.4706,1.7245,2.3042,0.5166,1.7876,2.4208,0.5942,1.8266,,,,,,,,,,,,,,,,
2008-12,actual,0.1030,1.4709,,,,147.1,,,,0.4241,0.0871,0.3370,0.7139,0.1461,0.5678,1.2221,0.2503,0.9717,1.8099,0.3890,1.4209,1.8906,0.4541,1.4365,2.0590,0.5438,1.5152,,,,,,,,,,,,,,,,
2009-01,actual,0.1280,2.2296,,,,223.0,,,,0.4399,0.1266,0.3133,0.7559,0.1796,0.5763,1.3428,0.2735,1.0693,1.9853,0.4044,1.5809,2.0748,0.4657,1.6092,2.2198,0.5533,1.6665,,,,,,,,,,,,,,,,
2009-02,actual,0.1090,2.2563,,,,225.6,,,,0.4281,0.1172,0.3110,0.7265,0.1744,0.5522,1.3438,0.2712,1.0726,1.9900,0.4038,1.5862,2.0950,0.4655,1.6295,2.1230,0.5533,1.5697,,,,,,,,,,,,,,,,
2009-03,actual,0.0880,1.7040,,,,170.4,,,,0.4275,0.1341,0.2935,0.8016,0.2068,0.5948,1.4087,0.3116,1.0971,2.0266,0.4429,1.5836,2.1531,0.4990,1.6542,2.2057,0.5815,1.6242,,,,,,,,,,,,,,,,
2009-04,actual,0.1130,2.1532,,,,215.3,,,,0.3881,0.1326,0.2555,0.8415,0.2229,0.6186,1.4648,0.3409,1.1240,2.1091,0.4748,1.6343,2.2566,0.5270,1.7296,2.2812,0.6051,1.6761,,,,,,,,,,,,,,,,
2009-05,actual,0.0990,2.6081,,,,260.8,,,,0.3621,0.1368,0.2252,0.8583,0.2101,0.6482,1.5441,0.3125,1.2316,2.2422,0.4436,1.7986,2.3517,0.4996,1.8521,2.3118,0.5823,1.7295,,,,,,,,,,,,,,,,
2009-06,actual,0.1100,2.3684,,,,236.8,,,,0.3216,0.1401,0.1815,0.7323,0.2195,0.5128,1.3951,0.3242,1.0709,2.1495,0.4539,1.6956,2.2935,0.5080,1.7855,2.3337,0.5891,1.7446,,,,,,,,,,,,,,,,
2009-07,actual,0.1050,2.2814,,,,228.1,,,,0.3044,0.1481,0.1563,0.7335,0.2385,0.4950,1.4657,0.3489,1.1168,2.2498,0.4780,1.7718,2.4285,0.5286,1.8999,2.5254,0.6065,1.9189,,,,,,,,,,,,,,,,
2009-08,actual,0.1100,2.2676,,,,226.8,,,,0.2416,0.1386,0.1030,0.6360,0.2657,0.3703,1.3931,0.3855,1.0076,2.1914,0.4882,1.7032,2.3400,0.5090,1.8309,2.4050,0.5769,1.8281,,,,,,,,,,,,,,,,
2009-09,actual,0.1030,2.1080,,,,210.8,,,,0.2404,0.1509,0.0895,0.6062,0.3253,0.2809,1.3622,0.4600,0.9021,2.1605,0.5331,1.6274,2.3082,0.5186,1.7896,2.3229,0.5714,1.7515,,,,,,,,,,,,,,,,
2009-10,actual,0.1120,2.2512,,,,225.1,,,,0.2632,0.1677,0.0955,0.6973,0.3934,0.3039,1.4803,0.5509,0.9295,2.2253,0.6042,1.6211,2.3581,0.5603,1.7978,2.4214,0.6010,1.8204,,,,,,,,,,,,,,,,
2009-11,actual,0.1130,2.2338,,,,223.4,,,,0.2318,0.1622,0.0696,0.5798,0.4307,0.1491,1.3672,0.6078,0.7594,2.1298,0.6505,1.4793,2.2558,0.5902,1.6656,2.2909,0.6282,1.6627,,,,,,,,,,,,,,,,
2009-12,actual,0.0940,2.5504,,,,255.0,,,,0.1397,0.1371,0.0026,0.4924,0.4711,0.0213,1.3686,0.6877,0.6809,2.2104,0.7285,1.4819,2.3693,0.6514,1.7178,2.3978,0.6833,1.7144,,,,,,,,,,,,,,,,
2010-01,actual,0.0950,2.5299,,,,253.0,,,,0.1524,0.1467,0.0057,0.5149,0.4676,0.0474,1.4069,0.6762,0.7307,2.2275,0.7206,1.5068,2.3858,0.6500,1.7358,2.4156,0.6849,1.7307,,,,,,,,,,,,,,,,
2010-02,actual,0.0970,2.5723,,,,257.2,,,,0.1518,0.1448,0.0070,0.5253,0.4683,0.0570,1.3999,0.6775,0.7224,2.2528,0.7183,1.5345,2.3950,0.6443,1.7506,2.4231,0.6783,1.7447,,,,,,,,,,,,,,,,
2010-03,actual,0.0820,2.5345,,,,253.4,,,,0.1651,0.1424,0.0227,0.5688,0.4897,0.0791,1.4833,0.7107,0.7726,2.2852,0.7465,1.5387,2.4102,0.6629,1.7473,2.3877,0.6947,1.6930,,,,,,,,,,,,,,,,
2010-04,actual,0.0960,2.3274,,,,232.7,,,,0.1553,0.1290,0.0263,0.4737,0.4453,0.0284,1.3735,0.6458,0.7277,2.1681,0.6785,1.4896,2.2619,0.6004,1.6614,2.2472,0.6370,1.6102,,,,,,,,,,,,,,,,
2010-05,actual,0.0890,2.0510,,,,205.1,,,,0.1579,0.1193,0.0387,0.4508,0.4203,0.0304,1.3710,0.6122,0.7588,2.1492,0.6479,1.5013,2.2234,0.5766,1.6468,2.2183,0.6182,1.6001,,,,,,,,,,,,,,,,
2010-06,actual,0.0960,1.7898,,,,179.0,,,,0.1389,0.1056,0.0334,0.3431,0.3629,-0.0198,1.1707,0.5327,0.6380,1.9342,0.5725,1.3617,2.0413,0.5127,1.5285,2.0581,0.5545,1.5036,,,,,,,,,,,,,,,,
2010-07,actual,0.0980,1.9142,,,,191.4,,,,0.1374,0.0998,0.0377,0.3541,0.3326,0.0215,1.1623,0.4902,0.6722,1.8407,0.5346,1.3061,1.9344,0.4831,1.4513,1.9825,0.5276,1.4549,,,,,,,,,,,,,,,,
2010-08,actual,0.0950,1.2681,,,,126.8,,,,0.1162,0.0841,0.0321,0.2791,0.3097,-0.0306,1.0801,0.4661,0.6140,1.7632,0.5175,1.2457,1.8676,0.4737,1.3939,1.8702,0.5220,1.3482,,,,,,,,,,,,,,,,
2010-09,actual,0.1130,1.4675,,,,146.8,,,,0.1312,0.0892,0.0420,0.2620,0.3077,-0.0457,1.0382,0.4609,0.5773,1.8041,0.5106,1.2935,1.9414,0.4668,1.4747,1.9329,0.5121,1.4208,,,,,,,,,,,,,,,,
2010-10,actual,0.0930,1.7923,,,,179.2,,,,0.1335,0.1112,0.0224,0.3015,0.3295,-0.0280,1.0353,0.4838,0.5515,1.9243,0.5384,1.3859,2.0985,0.4995,1.5990,2.1370,0.5438,1.5932,,,,,,,,,,,,,,,,
2010-11,actual,0.0900,1.8329,,,,183.3,,,,0.1908,0.1328,0.0580,0.4626,0.3796,0.0830,1.2991,0.5420,0.7571,2.0794,0.5833,1.4962,2.1896,0.5277,1.6618,2.1925,0.5701,1.6224,,,,,,,,,,,,,,,,
2010-12,actual,0.0790,2.1436,,,,214.4,,,,0.1650,0.1191,0.0459,0.4022,0.3705,0.0317,1.2012,0.5339,0.6673,1.9964,0.5710,1.4253,2.0895,0.5117,1.5778,2.1200,0.5539,1.5661,,,,,,,,,,,,,,,,
2011-01,actual,0.0870,2.4235,,,,242.4,,,,0.1941,0.1343,0.0598,0.4922,0.4141,0.0781,1.3029,0.5984,0.7045,2.0991,0.6406,1.4585,2.2332,0.5775,1.6557,2.3071,0.6153,1.6918,,,,,,,,,,,,,,,,
2011-02,actual,0.0910,2.1621,,,,216.2,,,,0.2347,0.1389,0.0958,0.5651,0.4315,0.1336,1.3542,0.6228,0.7314,2.1094,0.6621,1.4474,2.2119,0.5939,1.6180,2.3487,0.6315,1.7172,,,,,,,,,,,,,,,,
2011-03,actual,0.0620,2.1360,,,,213.6,,,,0.1938,0.1183,0.0755,0.4948,0.4024,0.0925,1.3418,0.5925,0.7493,2.1579,0.6425,1.5154,2.2842,0.5860,1.6982,2.4672,0.6289,1.8383,,,,,,,,,,,,,,,,
2011-04,actual,0.0640,2.2370,,,,223.7,,,,0.1883,0.1068,0.0815,0.4728,0.3704,0.1024,1.3026,0.5495,0.7531,2.1266,0.6017,1.5249,2.2478,0.5515,1.6963,2.4250,0.5967,1.8283,,,,,,,,,,,,,,,,
2011-05,actual,0.0670,2.0888,,,,208.9,,,,0.1713,0.1086,0.0628,0.4442,0.3608,0.0834,1.2524,0.5363,0.7161,2.0468,0.5965,1.4504,2.1765,0.5552,1.6212,2.3604,0.6037,1.7567,,,,,,,,,,,,,,,,
2011-06,actual,0.0670,2.2942,,,,229.4,,,,0.1657,0.1126,0.0531,0.4346,0.3642,0.0704,1.2157,0.5385,0.6772,1.9918,0.5950,1.3968,2.1413,0.5495,1.5917,2.3592,0.5934,1.7658,,,,,,,,,,,,,,,,
2011-07,actual,0.0780,1.9888,,,,198.9,,,,0.1559,0.1096,0.0464,0.3869,0.3322,0.0547,1.1775,0.4931,0.6844,1.9666,0.5583,1.4084,2.1384,0.5263,1.6120,2.4120,0.5744,1.8376,,,,,,,,,,,,,,,,
2011-08,actual,0.0750,1.2682,,,,126.8,,,,0.1351,0.0982,0.0369,0.3667,0.3191,0.0475,1.1383,0.4837,0.6546,1.9389,0.5571,1.3817,2.1238,0.5319,1.5919,2.4713,0.5820,1.8894,,,,,,,,,,,,,,,,
2011-09,actual,0.0750,0.6520,,,,65.2,,,,0.1407,0.0998,0.0409,0.3982,0.3255,0.0727,1.0967,0.4960,0.6007,1.8232,0.5729,1.2503,2.0101,0.5480,1.4621,2.2488,0.5966,1.6522,,,,,,,,,,,,,,,,
2011-10,actual,0.0810,1.0471,,,,104.7,,,,0.1477,0.1067,0.0411,0.4154,0.3289,0.0865,1.1189,0.4997,0.6192,1.8762,0.5845,1.2918,2.0605,0.5682,1.4923,2.4122,0.6218,1.7904,,,,,,,,,,,,,,,,
2011-11,actual,0.0810,0.8980,,,,89.8,,,,0.1453,0.0862,0.0591,0.4322,0.3132,0.1189,1.1471,0.4881,0.6590,1.8930,0.5715,1.3215,2.0512,0.5524,1.4988,2.3562,0.6061,1.7501,,,,,,,,,,,,,,,,
2011-12,actual,0.0750,0.5995,,,,59.9,,,,0.1357,0.0803,0.0554,0.3639,0.2698,0.0941,1.0428,0.4238,0.6190,1.8222,0.5129,1.3093,1.9726,0.5082,1.4644,2.2690,0.5685,1.7005,,,,,,,,,,,,,,,,
2012-01,actual,0.0750,0.5933,,,,59.3,,,,0.1336,0.0947,0.0389,0.3602,0.2836,0.0766,1.0266,0.4350,0.5916,1.8229,0.5223,1.3006,1.9837,0.5170,1.4667,2.2904,0.5764,1.7140,,,,,,,,,,,,,,,,
2012-02,actual,0.0810,0.6837,,,,68.4,,,,0.1103,0.0995,0.0108,0.3348,0.2965,0.0382,1.0265,0.4537,0.5728,1.8391,0.5462,1.2929,2.0110,0.5440,1.4669,2.2908,0.6056,1.6852,,,,,,,,,,,,,,,,
2012-03,actual,0.0760,1.0150,,,,101.5,,,,0.1179,0.1090,0.0089,0.3453,0.3217,0.0236,1.0267,0.4868,0.5398,1.8439,0.5781,1.2657,2.0163,0.5722,1.4441,2.2478,0.6332,1.6147,,,,,,,,,,,,,,,,
2012-04,actual,0.0800,0.6868,,,,68.7,,,,0.1106,0.1031,0.0075,0.2846,0.2828,0.0018,0.9386,0.4291,0.5095,1.7953,0.5211,1.2741,1.9851,0.5231,1.4620,2.2333,0.5849,1.6485,,,,,,,,,,,,,,,,
2012-05,actual,0.0950,0.0752,,,,7.5,,,,0.1025,0.0898,0.0127,0.2527,0.2416,0.0111,0.8833,0.3772,0.5061,1.7229,0.4824,1.2405,1.8963,0.5020,1.3943,2.1519,0.5728,1.5791,,,,,,,,,,,,,,,,
2012-06,actual,0.0760,0.1626,,,,16.3,,,,0.1020,0.1063,-0.0043,0.2374,0.2727,-0.0353,0.8664,0.4182,0.4482,1.7649,0.5264,1.2384,2.0087,0.5450,1.4637,2.2998,0.6113,1.6885,,,,,,,,,,,,,,,,
2012-07,actual,0.0900,0.0602,,,,6.0,,,,0.1003,0.0955,0.0049,0.2180,0.2494,-0.0314,0.8294,0.3910,0.4384,1.7044,0.5046,1.1998,1.9311,0.5304,1.4008,2.2148,0.6008,1.6140,,,,,,,,,,,,,,,,
2012-08,actual,0.0930,0.1572,,,,15.7,,,,0.0986,0.1085,-0.0099,0.2334,0.2724,-0.0390,0.8467,0.4182,0.4285,1.7518,0.5285,1.2233,1.9969,0.5490,1.4480,2.3098,0.6156,1.6942,,,,,,,,,,,,,,,,
2012-09,actual,0.0780,0.2551,,,,25.5,,,,0.1005,0.1092,-0.0087,0.2134,0.2771,-0.0636,0.7949,0.4244,0.3705,1.7544,0.5360,1.2184,1.9862,0.5589,1.4273,2.2506,0.6290,1.6217,,,,,,,,,,,,,,,,
2012-10,actual,0.0890,0.2757,,,,27.6,,,,0.0982,0.1139,-0.0157,0.2134,0.2969,-0.0835,0.8017,0.4545,0.3472,1.8033,0.5687,1.2346,2.0478,0.5908,1.4569,2.3212,0.6609,1.6602,,,,,,,,,,,,,,,,
2012-11,actual,0.0910,0.1870,,,,18.7,,,,0.0980,0.1114,-0.0133,0.1890,0.2814,-0.0924,0.7456,0.4349,0.3107,1.7869,0.5568,1.2301,2.0403,0.5891,1.4512,2.2972,0.6633,1.6339,,,,,,,,,,,,,,,,
2012-12,actual,0.0760,0.3997,,,,40.0,,,,0.0976,0.1009,-0.0033,0.1974,0.3025,-0.1051,0.8244,0.4689,0.3555,1.8635,0.5812,1.2822,2.0653,0.6004,1.4649,2.2845,0.6752,1.6093,,,,,,,,,,,,,,,,
2013-01,actual,0.0820,0.7381,,,,73.8,,,,0.0657,0.0970,-0.0313,0.1615,0.2831,-0.1216,0.7808,0.4415,0.3393,1.8836,0.5601,1.3235,2.0809,0.5894,1.4915,2.3021,0.6693,1.6329,,,,,,,,,,,,,,,,
2013-02,actual,0.0830,0.6244,,,,62.4,,,,0.0451,0.0875,-0.0424,0.1281,0.2569,-0.1289,0.6923,0.4077,0.2847,1.7463,0.5324,1.2139,1.9165,0.5707,1.3458,2.1140,0.6560,1.4580,,,,,,,,,,,,,,,,
2013-03,actual,0.0580,0.5635,,,,56.4,,,,0.0529,0.0882,-0.0352,0.1323,0.2397,-0.1074,0.5775,0.3785,0.1990,1.4956,0.5013,0.9943,1.6374,0.5413,1.0961,1.7481,0.6268,1.1212,,,,,,,,,,,,,,,,
2013-04,actual,0.0710,0.3384,,,,33.8,,,,0.1211,0.1104,0.0107,0.2435,0.2696,-0.0261,0.6115,0.4131,0.1983,1.6023,0.5349,1.0674,1.7295,0.5738,1.1557,1.7753,0.6591,1.1161,,,,,,,,,,,,,,,,
2013-05,actual,0.0730,0.8787,,,,87.9,,,,0.1400,0.1181,0.0219,0.3664,0.3325,0.0339,0.8746,0.5088,0.3658,1.7127,0.6316,1.0812,1.8311,0.6572,1.1739,1.9500,0.7399,1.2101,,,,,,,,,,,,,,,,
2013-06,actual,0.0700,1.1704,,,,117.0,,,,0.1301,0.1175,0.0126,0.3043,0.3292,-0.0248,0.8526,0.5021,0.3505,1.8073,0.6265,1.1808,1.9213,0.6574,1.2640,1.9947,0.7455,1.2492,,,,,,,,,,,,,,,,
2013-07,actual,0.0730,1.4324,,,,143.2,,,,0.1157,0.1117,0.0041,0.2795,0.3127,-0.0332,0.8093,0.4799,0.3294,1.8153,0.6064,1.2089,1.9132,0.6425,1.2708,1.9758,0.7341,1.2417,,,,,,,,,,,,,,,,
2013-08,actual,0.0720,1.4782,,,,147.8,,,,0.1117,0.1058,0.0060,0.2560,0.2893,-0.0332,0.7491,0.4475,0.3016,1.7607,0.5758,1.1849,1.8614,0.6170,1.2444,1.9627,0.7096,1.2531,,,,,,,,,,,,,,,,
2013-09,actual,0.0620,1.4713,,,,147.1,,,,0.1071,0.0993,0.0078,0.2223,0.2736,-0.0513,0.6950,0.4293,0.2656,1.6908,0.5645,1.1263,1.7985,0.6137,1.1848,1.8874,0.7098,1.1776,,,,,,,,,,,,,,,,
2013-10,actual,0.0720,1.4353,,,,143.5,,,,0.1016,0.0939,0.0077,0.1882,0.2322,-0.0440,0.6114,0.3673,0.2441,1.6347,0.5031,1.1316,1.7427,0.5606,1.1821,1.8111,0.6581,1.1530,,,,,,,,,,,,,,,,
2013-11,actual,0.0710,1.7764,,,,177.6,,,,0.0864,0.0942,-0.0078,0.1770,0.2459,-0.0689,0.6232,0.3922,0.2310,1.6305,0.5354,1.0951,1.7584,0.5957,1.1626,1.8497,0.6945,1.1552,,,,,,,,,,,,,,,,
2013-12,actual,0.0680,1.8654,,,,186.5,,,,0.1022,0.1000,0.0021,0.2418,0.2964,-0.0546,0.7497,0.4667,0.2830,1.7033,0.6038,1.0995,1.8207,0.6487,1.1720,1.8690,0.7432,1.1258,,,,,,,,,,,,,,,,
2014-01,actual,0.0710,1.4041,,,,140.4,,,,0.0880,0.0978,-0.0097,0.1888,0.2553,-0.0665,0.6371,0.4092,0.2279,1.5946,0.5622,1.0324,1.7353,0.6290,1.1063,1.8074,0.7306,1.0768,,,,,,,,,,,,,,,,
2014-02,actual,0.0720,1.3376,,,,133.8,,,,0.0766,0.0983,-0.0217,0.1753,0.2597,-0.0844,0.6050,0.4169,0.1881,1.5951,0.5711,1.0240,1.7491,0.6380,1.1111,1.8201,0.7388,1.0813,,,,,,,,,,,,,,,,
2014-03,actual,0.0440,1.1512,,,,115.1,,,,0.0932,0.1006,-0.0075,0.2006,0.2774,-0.0768,0.6422,0.4448,0.1974,1.6426,0.6021,1.0405,1.8074,0.6687,1.1386,1.8868,0.7698,1.1170,,,,,,,,,,,,,,,,
2014-04,actual,0.0650,1.0838,,,,108.4,,,,0.0952,0.1005,-0.0053,0.1986,0.2579,-0.0593,0.6334,0.4163,0.2171,1.6299,0.5776,1.0523,1.8075,0.6510,1.1565,1.9032,0.7531,1.1501,,,,,,,,,,,,,,,,
2014-05,actual,0.0690,0.8768,,,,87.7,,,,0.0953,0.0986,-0.0033,0.1911,0.2389,-0.0478,0.6039,0.3888,0.2151,1.6021,0.5523,1.0498,1.7871,0.6309,1.1562,1.8935,0.7334,1.1601,,,,,,,,,,,,,,,,
2014-06,actual,0.0580,0.8657,,,,86.6,,,,0.0780,0.1020,-0.0240,0.1645,0.2389,-0.0745,0.5757,0.3902,0.1855,1.5478,0.5626,0.9852,1.7660,0.6486,1.1174,1.9086,0.7525,1.1560,,,,,,,,,,,,,,,,
2014-07,actual,0.0650,0.7135,,,,71.4,,,,0.0742,0.1002,-0.0261,0.1573,0.2314,-0.0740,0.5571,0.3797,0.1774,1.5404,0.5506,0.9898,1.7739,0.6356,1.1383,1.8967,0.7368,1.1598,,,,,,,,,,,,,,,,
2014-08,actual,0.0700,0.4432,,,,44.3,,,,0.0778,0.1025,-0.0247,0.1672,0.2239,-0.0567,0.5202,0.3714,0.1488,1.4732,0.5517,0.9215,1.7171,0.6463,1.0709,1.8986,0.7502,1.1484,,,,,,,,,,,,,,,,
2014-09,actual,0.0290,0.5709,,,,57.1,,,,0.0798,0.1072,-0.0274,0.1768,0.2398,-0.0630,0.5312,0.3908,0.1405,1.4737,0.5700,0.9037,1.7064,0.6627,1.0438,1.8657,0.7680,1.0977,,,,,,,,,,,,,,,,
2014-10,actual,0.0600,0.4850,,,,48.5,,,,0.0320,0.0987,-0.0666,0.1362,0.2224,-0.0862,0.4708,0.3748,0.0960,1.4119,0.5642,0.8477,1.6848,0.6649,1.0199,1.8724,0.7696,1.1029,,,,,,,,,,,,,,,,
2014-11,actual,0.0670,0.2735,,,,27.4,,,,0.0119,0.0841,-0.0722,0.1055,0.1963,-0.0908,0.4386,0.3330,0.1056,1.3262,0.5076,0.8186,1.4999,0.6005,0.8994,1.6533,0.7084,0.9449,,,,,,,,,,,,,,,,
2014-12,actual,0.0660,0.0420,,,,4.2,,,,-0.0394,0.0783,-0.1176,0.0105,0.1805,-0.1700,0.3230,0.3117,0.0113,1.1620,0.4912,0.6708,1.3351,0.5906,0.7444,1.4661,0.7022,0.7639,,,,,,,,,,,,,,,,
2015-01,actual,0.0710,-0.2647,,,,-26.5,,,,0.0119,0.0832,-0.0713,0.0486,0.1833,-0.1347,0.2931,0.3176,-0.0245,1.1679,0.4983,0.6696,1.3800,0.5978,0.7821,1.5062,0.7050,0.8012,,,,,,,,,,,,,,,,
2015-02,actual,0.0740,-0.0555,,,,-5.6,,,,0.0146,0.0972,-0.0826,0.0770,0.2120,-0.1350,0.3575,0.3540,0.0035,1.2846,0.5346,0.7500,1.5070,0.6317,0.8753,1.6602,0.7381,0.9221,,,,,,,,,,,,,,,,
2015-03,actual,0.0150,-0.0338,,,,-3.4,,,,0.0424,0.1031,-0.0606,0.1408,0.2340,-0.0933,0.4043,0.3796,0.0247,1.2444,0.5522,0.6922,1.4227,0.6400,0.7827,1.5447,0.7457,0.7990,,,,,,,,,,,,,,,,
2015-04,actual,0.0630,0.1488,,,,14.9,,,,0.0013,0.0942,-0.0929,0.0915,0.2201,-0.1286,0.3433,0.3666,-0.0234,1.2431,0.5456,0.6976,1.4290,0.6396,0.7894,1.5845,0.7477,0.8368,,,,,,,,,,,,,,,,
2015-05,actual,0.0730,0.2499,,,,25.0,,,,-0.0048,0.0968,-0.1016,0.1130,0.2315,-0.1184,0.4130,0.3838,0.0292,1.3433,0.5627,0.7806,1.5473,0.6538,0.8935,1.6995,0.7593,0.9402,,,,,,,,,,,,,,,,
2015-06,actual,0.0110,0.4891,,,,48.9,,,,0.0000,0.1041,-0.1041,0.1189,0.2597,-0.1408,0.4590,0.4189,0.0401,1.3240,0.5923,0.7316,1.5254,0.6753,0.8501,1.6674,0.7792,0.8881,,,,,,,,,,,,,,,,
2015-07,actual,0.0640,0.2504,,,,25.0,,,,0.0002,0.1039,-0.1037,0.0999,0.2422,-0.1423,0.4221,0.3912,0.0309,1.2932,0.5581,0.7351,1.5052,0.6376,0.8677,1.6428,0.7367,0.9061,,,,,,,,,,,,,,,,
2015-08,actual,0.0710,0.2655,,,,26.6,,,,-0.0004,0.1026,-0.1030,0.0819,0.2370,-0.1551,0.3995,0.3835,0.0160,1.2930,0.5500,0.7430,1.4995,0.6303,0.8692,1.6385,0.7305,0.9080,,,,,,,,,,,,,,,,
2015-09,actual,0.0100,0.2046,,,,20.5,,,,0.0019,0.0929,-0.0910,0.0697,0.2151,-0.1453,0.3519,0.3543,-0.0024,1.2736,0.5249,0.7487,1.4671,0.6134,0.8537,1.6092,0.7184,0.8909,,,,,,,,,,,,,,,,
2015-10,actual,0.0740,0.1834,,,,18.3,,,,0.0032,0.0912,-0.0880,0.0528,0.2037,-0.1509,0.3111,0.3398,-0.0287,1.2188,0.5090,0.7099,1.4173,0.5964,0.8209,1.5678,0.6990,0.8688,,,,,,,,,,,,,,,,
2015-11,actual,0.0760,0.1318,,,,13.2,,,,-0.0113,0.0893,-0.1005,0.0514,0.1978,-0.1463,0.3211,0.3326,-0.0115,1.2285,0.5018,0.7267,1.4483,0.5887,0.8596,1.6034,0.6883,0.9151,,,,,,,,,,,,,,,,
2015-12,actual,0.0380,0.1120,,,,11.2,,,,-0.0423,0.1007,-0.1430,0.0148,0.2038,-0.1890,0.2669,0.3317,-0.0648,1.1056,0.4986,0.6070,1.3517,0.5841,0.7676,1.4828,0.6805,0.8023,,,,,,,,,,,,,,,,
2016-01,actual,0.0660,-0.0203,,,,-2.0,,,,-0.0739,-0.0097,-0.0642,-0.0767,0.0825,-0.1592,0.1085,0.2273,-0.1188,0.9390,0.4237,0.5153,1.1576,0.5335,0.6241,1.3051,0.6427,0.6624,,,,,,,,,,,,,,,,
2016-02,actual,-0.0010,-0.2455,,,,-24.6,,,,-0.2360,-0.1518,-0.0842,-0.2604,-0.0637,-0.1967,-0.0626,0.1087,-0.1713,0.6868,0.3463,0.3405,0.9576,0.4836,0.4740,1.0987,0.5998,0.4989,,,,,,,,,,,,,,,,
2016-03,actual,-0.0020,-0.1698,,,,-17.0,,,,-0.2173,-0.1553,-0.0620,-0.2045,-0.0921,-0.1124,-0.0468,0.0513,-0.0981,0.5212,0.2675,0.2536,0.5864,0.3961,0.1902,0.6579,0.5213,0.1367,,,,,,,,,,,,,,,,
2016-04,actual,-0.0560,-0.1865,,,,-18.6,,,,-0.2553,-0.1772,-0.0781,-0.2132,-0.1032,-0.1100,-0.0762,0.0401,-0.1163,0.3412,0.2514,0.0898,0.3755,0.3734,0.0020,0.4232,0.4984,-0.0752,,,,,,,,,,,,,,,,
2016-05,actual,-0.0540,-0.2876,,,,-28.8,,,,-0.2512,-0.1985,-0.0527,-0.2665,-0.1346,-0.1319,-0.1088,0.0089,-0.1177,0.2887,0.2302,0.0585,0.3348,0.3623,-0.0275,0.3713,0.4921,-0.1208,,,,,,,,,,,,,,,,
2016-06,actual,-0.0640,-0.5142,,,,-51.4,,,,-0.3047,-0.2358,-0.0689,-0.3223,-0.2108,-0.1115,-0.2374,-0.0805,-0.1569,0.1031,0.1570,-0.0539,0.1489,0.3090,-0.1601,0.1629,0.4445,-0.2816,,,,,,,,,,,,,,,,
2016-07,actual,-0.0460,-0.6168,,,,-61.7,,,,-0.2531,-0.1594,-0.0937,-0.2445,-0.1411,-0.1034,-0.1714,-0.0261,-0.1453,0.2267,0.1969,0.0298,0.2858,0.3406,-0.0548,0.3393,0.4708,-0.1315,,,,,,,,,,,,,,,,
2016-08,actual,-0.0480,-0.6186,,,,-61.9,,,,-0.2034,-0.1647,-0.0387,-0.1775,-0.1243,-0.0531,-0.0541,-0.0003,-0.0538,0.3801,0.2104,0.1697,0.4359,0.3388,0.0970,0.4888,0.4628,0.0260,,,,,,,,,,,,,,,,
2016-09,actual,-0.0600,-0.5242,,,,-52.4,,,,-0.3114,-0.1536,-0.1577,-0.2632,-0.1278,-0.1354,-0.0757,-0.0149,-0.0608,0.4059,0.2025,0.2033,0.4760,0.3411,0.1349,0.5302,0.4695,0.0607,,,,,,,,,,,,,,,,
2016-10,actual,-0.0470,-0.2774,,,,-27.7,,,,-0.2561,-0.0836,-0.1725,-0.1847,-0.0675,-0.1172,-0.0438,0.0308,-0.0746,0.4376,0.2399,0.1977,0.5294,0.3755,0.1539,0.5841,0.5004,0.0838,,,,,,,,,,,,,,,,
2016-11,actual,-0.0540,0.1354,,,,13.5,,,,-0.1721,-0.0602,-0.1119,-0.0969,-0.0297,-0.0672,0.0277,0.0687,-0.0410,0.5082,0.2604,0.2479,0.5892,0.3791,0.2101,0.6480,0.4971,0.1509,,,,,,,,,,,,,,,,
2016-12,actual,-0.0580,0.1865,,,,18.7,,,,-0.1958,-0.0356,-0.1603,-0.1004,-0.0020,-0.0984,0.0420,0.0923,-0.0503,0.6365,0.2775,0.3589,0.7319,0.3920,0.3398,0.7929,0.5074,0.2855,,,,,,,,,,,,,,,,
2017-01,actual,-0.0580,0.1794,,,,17.9,,,,-0.2083,-0.0157,-0.1926,-0.0883,0.0372,-0.1254,0.1004,0.1351,-0.0347,0.7292,0.3076,0.4216,0.8385,0.4074,0.4310,0.9059,0.5158,0.3901,,,,,,,,,,,,,,,,
2017-02,actual,-0.0480,0.0179,,,,1.8,,,,-0.2779,-0.0193,-0.2587,-0.1564,0.0348,-0.1912,0.0615,0.1326,-0.0711,0.6991,0.3065,0.3926,0.8145,0.4072,0.4073,0.8813,0.5161,0.3652,,,,,,,,,,,,,,,,
2017-03,actual,-0.0600,-0.0019,,,,-0.2,,,,-0.2113,-0.0068,-0.2045,-0.1178,0.0551,-0.1729,0.0730,0.1596,-0.0866,0.7103,0.3341,0.3761,0.8644,0.4330,0.4314,0.9599,0.5385,0.4214,,,,,,,,,,,,,,,,
2017-04,actual,-0.0740,-0.0866,,,,-8.7,,,,-0.2040,-0.0327,-0.1713,-0.1508,0.0180,-0.1688,0.0195,0.1246,-0.1051,0.6395,0.3137,0.3257,0.8082,0.4267,0.3814,0.9145,0.5381,0.3764,,,,,,,,,,,,,,,,
2017-05,actual,-0.0650,-0.2041,,,,-20.4,,,,-0.1585,-0.0239,-0.1346,-0.1087,0.0301,-0.1388,0.0565,0.1396,-0.0830,0.6508,0.3277,0.3231,0.8313,0.4386,0.3927,0.9992,0.5479,0.4513,,,,,,,,,,,,,,,,
2017-06,actual,-0.0690,-0.1681,,,,-16.8,,,,-0.1055,-0.0170,-0.0885,-0.0571,0.0433,-0.1004,0.0929,0.1579,-0.0650,0.6748,0.3453,0.3295,0.8706,0.4534,0.4171,1.0744,0.5601,0.5143,,,,,,,,,,,,,,,,
2017-07,actual,-0.0640,-0.1247,,,,-12.5,,,,-0.1074,-0.0137,-0.0937,-0.0497,0.0516,-0.1013,0.0794,0.1713,-0.0918,0.6783,0.3614,0.3168,0.8936,0.4702,0.4234,1.1267,0.5754,0.5513,,,,,,,,,,,,,,,,
2017-08,actual,-0.0660,-0.3254,,,,-32.5,,,,-0.1634,-0.0218,-0.1416,-0.1310,0.0323,-0.1633,0.0150,0.1450,-0.1300,0.6381,0.3391,0.2991,0.8491,0.4547,0.3945,1.0786,0.5642,0.5144,,,,,,,,,,,,,,,,
2017-09,actual,-0.0630,-0.2105,,,,-21.0,,,,-0.1242,-0.0133,-0.1109,-0.0695,0.0627,-0.1322,0.0666,0.1873,-0.1207,0.6609,0.3740,0.2869,0.8856,0.4771,0.4086,1.1096,0.5794,0.5302,,,,,,,,,,,,,,,,
2017-10,actual,-0.0460,-0.2608,,,,-26.1,,,,-0.1594,0.0047,-0.1641,-0.0863,0.0834,-0.1697,0.0724,0.2015,-0.1291,0.6811,0.3768,0.3042,0.8847,0.4708,0.4139,1.1008,0.5706,0.5302,,,,,,,,,,,,,,,,
2017-11,actual,-0.0550,-0.3530,,,,-35.3,,,,-0.1495,0.0030,-0.1526,-0.1047,0.0822,-0.1870,0.0493,0.1979,-0.1486,0.6543,0.3683,0.2860,0.8475,0.4589,0.3886,1.0345,0.5585,0.4760,,,,,,,,,,,,,,,,
2017-12,actual,-0.0620,-0.4713,,,,-47.1,,,,-0.1296,0.0029,-0.1325,-0.0927,0.0813,-0.1740,0.0505,0.1967,-0.1463,0.6392,0.3668,0.2724,0.8283,0.4572,0.3711,1.0040,0.5568,0.4473,,,,,,,,,,,,,,,,
2018-01,actual,-0.0500,-0.3423,,,,-34.2,,,,-0.1212,0.0012,-0.1224,-0.0736,0.0859,-0.1596,0.0906,0.2025,-0.1120,0.6602,0.3656,0.2946,0.8306,0.4486,0.3820,0.9894,0.5460,0.4434,,,,,,,,,,,,,,,,
2018-02,actual,-0.0530,-0.2041,,,,-20.4,,,,-0.1526,-0.0057,-0.1469,-0.1096,0.0713,-0.1809,0.0606,0.1835,-0.1229,0.6208,0.3496,0.2711,0.7807,0.4372,0.3435,0.9233,0.5376,0.3857,,,,,,,,,,,,,,,,
2018-03,actual,-0.0680,-0.4073,,,,-40.7,,,,-0.1297,-0.0040,-0.1257,-0.1014,0.0732,-0.1746,0.0512,0.1862,-0.1351,0.5876,0.3537,0.2339,0.7578,0.4423,0.3155,0.9125,0.5426,0.3699,,,,,,,,,,,,,,,,
2018-04,actual,-0.0670,-0.3415,,,,-34.2,,,,-0.1295,-0.0064,-0.1231,-0.0918,0.0740,-0.1658,0.0636,0.1888,-0.1252,0.5981,0.3550,0.2431,0.7640,0.4415,0.3226,0.8996,0.5410,0.3586,,,,,,,,,,,,,,,,
2018-05,actual,-0.0650,-0.4143,,,,-41.4,,,,-0.1414,-0.0098,-0.1316,-0.1052,0.0715,-0.1766,0.0530,0.1885,-0.1355,0.5645,0.3581,0.2063,0.7403,0.4467,0.2936,0.8975,0.5465,0.3510,,,,,,,,,,,,,,,,
2018-06,actual,-0.0690,-0.3801,,,,-38.0,,,,-0.1256,-0.0152,-0.1104,-0.0984,0.0651,-0.1635,0.0467,0.1823,-0.1356,0.5646,0.3520,0.2127,0.7353,0.4410,0.2943,0.8930,0.5415,0.3515,,,,,,,,,,,,,,,,
2018-07,actual,-0.0650,-0.3693,,,,-36.9,,,,-0.1183,-0.0175,-0.1008,-0.0856,0.0747,-0.1603,0.0624,0.1972,-0.1348,0.5915,0.3606,0.2309,0.7567,0.4414,0.3153,0.8980,0.5384,0.3596,,,,,,,,,,,,,,,,
2018-08,actual,-0.0550,-0.4525,,,,-45.2,,,,-0.1138,-0.0063,-0.1075,-0.0615,0.0946,-0.1562,0.1223,0.2198,-0.0974,0.6803,0.3771,0.3032,0.8507,0.4507,0.4000,1.0036,0.5441,0.4596,,,,,,,,,,,,,,,,
2018-09,actual,-0.0640,-0.3453,,,,-34.5,,,,-0.1113,-0.0002,-0.1111,-0.0507,0.1089,-0.1595,0.1487,0.2369,-0.0882,0.7217,0.3914,0.3303,0.9064,0.4610,0.4454,1.0736,0.5517,0.5218,,,,,,,,,,,,,,,,
2018-10,actual,-0.0680,-0.2186,,,,-21.9,,,,-0.1307,-0.0034,-0.1273,-0.0751,0.1002,-0.1753,0.1358,0.2236,-0.0879,0.7211,0.3777,0.3434,0.8940,0.4488,0.4451,1.0397,0.5415,0.4982,,,,,,,,,,,,,,,,
2018-11,actual,-0.0620,-0.3749,,,,-37.5,,,,-0.1410,-0.0163,-0.1247,-0.1016,0.0710,-0.1726,0.1057,0.1915,-0.0859,0.6587,0.3593,0.2994,0.8396,0.4449,0.3946,0.9834,0.5436,0.4397,,,,,,,,,,,,,,,,
2018-12,actual,-0.0550,-0.5307,,,,-53.1,,,,-0.1466,-0.0314,-0.1152,-0.1392,0.0360,-0.1753,0.0187,0.1503,-0.1316,0.5712,0.3286,0.2426,0.7389,0.4278,0.3111,0.8704,0.5334,0.3370,,,,,,,,,,,,,,,,
2019-01,actual,-0.0600,-0.5895,,,,-59.0,,,,-0.1713,-0.0529,-0.1185,-0.1655,0.0073,-0.1729,0.0125,0.1231,-0.1106,0.4983,0.3113,0.1870,0.6613,0.4192,0.2421,0.7703,0.5288,0.2414,,,,,,,,,,,,,,,,
2019-02,actual,-0.0540,-0.5179,,,,-51.8,,,,-0.1521,-0.0577,-0.0944,-0.1585,0.0062,-0.1648,-0.0105,0.1231,-0.1336,0.4745,0.3057,0.1687,0.6153,0.4082,0.2071,0.7112,0.5166,0.1947,,,,,,,,,,,,,,,,
2019-03,actual,-0.0600,-0.7083,,,,-70.8,,,,-0.1844,-0.0642,-0.1203,-0.2040,-0.0195,-0.1845,-0.0752,0.0884,-0.1636,0.3886,0.2799,0.1088,0.5194,0.3947,0.1247,0.5954,0.5094,0.0859,,,,,,,,,,,,,,,,
2019-04,actual,-0.0730,-0.5570,,,,-55.7,,,,-0.1541,-0.0641,-0.0900,-0.1618,-0.0090,-0.1529,-0.0411,0.1048,-0.1459,0.4214,0.2937,0.1277,0.5601,0.4036,0.1566,0.6374,0.5154,0.1221,,,,,,,,,,,,,,,,
2019-05,actual,-0.0590,-0.8144,,,,-81.4,,,,-0.1761,-0.0734,-0.1027,-0.1932,-0.0319,-0.1613,-0.0888,0.0783,-0.1672,0.3316,0.2762,0.0554,0.4638,0.3961,0.0677,0.5174,0.5126,0.0048,,,,,,,,,,,,,,,,
2019-06,actual,-0.0760,-0.8105,,,,-81.1,,,,-0.2127,-0.1329,-0.0798,-0.2444,-0.0933,-0.1511,-0.1494,0.0256,-0.1750,0.2707,0.2347,0.0360,0.3715,0.3631,0.0084,0.4253,0.4853,-0.0600,,,,,,,,,,,,,,,,
2019-07,actual,-0.0710,-0.9193,,,,-91.9,,,,-0.1958,-0.1265,-0.0694,-0.2288,-0.0894,-0.1394,-0.1565,0.0310,-0.1875,0.2374,0.2458,-0.0084,0.3608,0.3790,-0.0183,0.4111,0.5016,-0.0906,,,,,,,,,,,,,,,,
2019-08,actual,-0.0610,-1.2779,,,,-127.8,,,,-0.2948,-0.1648,-0.1300,-0.3380,-0.1526,-0.1853,-0.2767,-0.0430,-0.2336,0.0771,0.1841,-0.1071,0.1524,0.3336,-0.1812,0.1732,0.4670,-0.2937,,,,,,,,,,,,,,,,
2019-09,actual,-0.0640,-1.1454,,,,-114.5,,,,-0.3170,-0.1618,-0.1552,-0.3417,-0.1127,-0.2289,-0.2042,0.0172,-0.2214,0.2410,0.2366,0.0044,0.3700,0.3700,0.0001,0.4440,0.4932,-0.0493,,,,,,,,,,,,,,,,
2019-10,actual,-0.0300,-1.0380,,,,-103.8,,,,-0.2334,-0.1274,-0.1060,-0.2562,-0.0891,-0.1671,-0.1365,0.0343,-0.1708,0.2629,0.2514,0.0114,0.3926,0.3850,0.0076,0.4387,0.5071,-0.0684,,,,,,,,,,,,,,,,
2019-11,actual,-0.0340,-0.9962,,,,-99.6,,,,-0.1804,-0.0816,-0.0988,-0.1838,-0.0400,-0.1438,-0.0715,0.0735,-0.1450,0.2853,0.2746,0.0107,0.4099,0.3956,0.0143,0.4616,0.5124,-0.0508,,,,,,,,,,,,,,,,
2019-12,actual,-0.0680,-0.7748,,,,-77.5,,,,-0.1336,-0.0484,-0.0851,-0.1217,-0.0012,-0.1205,-0.0095,0.1037,-0.1133,0.3118,0.2870,0.0249,0.4137,0.3936,0.0202,0.4445,0.5054,-0.0609,,,,,,,,,,,,,,,,
2020-01,actual,-0.0390,-1.1077,,,,-110.8,,,,-0.1585,-0.0746,-0.0839,-0.1657,-0.0530,-0.1127,-0.0578,0.0503,-0.1081,0.2595,0.2569,0.0026,0.3707,0.3874,-0.0166,0.4015,0.5090,-0.1075,,,,,,,,,,,,,,,,
2020-02,actual,-0.0250,-1.2708,,,,-127.1,,,,-0.2580,-0.1252,-0.1328,-0.2637,-0.1096,-0.1541,-0.1477,0.0007,-0.1484,0.1849,0.2243,-0.0395,0.2887,0.3689,-0.0801,0.3185,0.4973,-0.1788,,,,,,,,,,,,,,,,
2020-03,actual,-0.0700,-1.1846,,,,-118.5,,,,-0.1405,-0.0663,-0.0742,-0.1167,-0.0383,-0.0784,0.0403,0.0602,-0.0199,0.3462,0.2546,0.0916,0.4339,0.3746,0.0593,0.4426,0.4935,-0.0509,,,,,,,,,,,,,,,,
2020-04,actual,-0.0600,-1.2780,,,,-127.8,,,,-0.1893,-0.0954,-0.0939,-0.1644,-0.0705,-0.0939,-0.0228,0.0358,-0.0585,0.3368,0.2442,0.0927,0.4356,0.3755,0.0601,0.4472,0.4984,-0.0512,,,,,,,,,,,,,,,,
2020-05,actual,-0.0730,-1.2342,,,,-123.4,,,,-0.1602,-0.0755,-0.0847,-0.1183,-0.0439,-0.0743,0.0194,0.0629,-0.0435,0.3885,0.2669,0.1216,0.5058,0.3935,0.1123,0.5399,0.5129,0.0269,,,,,,,,,,,,,,,,
2020-06,actual,-0.0680,-1.2116,,,,-121.2,,,,-0.1421,-0.0546,-0.0875,-0.0956,-0.0161,-0.0795,0.0508,0.0926,-0.0418,0.4493,0.2932,0.1561,0.5944,0.4154,0.1790,0.6321,0.5313,0.1008,,,,,,,,,,,,,,,,
2020-07,actual,-0.0210,-1.3553,,,,-135.5,,,,-0.1504,-0.0542,-0.0962,-0.1204,-0.0354,-0.0850,0.0289,0.0646,-0.0356,0.4076,0.2705,0.1371,0.5342,0.4015,0.1327,0.5527,0.5222,0.0305,,,,,,,,,,,,,,,,
2020-08,actual,-0.0570,-1.0946,,,,-109.5,,,,-0.1226,-0.0363,-0.0863,-0.0732,0.0051,-0.0783,0.0694,0.1130,-0.0436,0.4583,0.3080,0.1503,0.6039,0.4249,0.1790,0.6304,0.5379,0.0926,,,,,,,,,,,,,,,,
2020-09,actual,-0.0610,-1.1609,,,,-116.1,,,,-0.1457,-0.0486,-0.0971,-0.1121,-0.0177,-0.0945,0.0386,0.0875,-0.0489,0.4405,0.2912,0.1494,0.5925,0.4179,0.1747,0.6318,0.5353,0.0965,,,,,,,,,,,,,,,,
2020-10,actual,-0.0290,-0.9002,,,,-90.0,,,,-0.1371,-0.0374,-0.0997,-0.1015,0.0066,-0.1082,0.0568,0.1206,-0.0637,0.4513,0.3222,0.1291,0.6314,0.4429,0.1885,0.6717,0.5555,0.1162,,,,,,,,,,,,,,,,
2020-11,actual,-0.0320,-0.9526,,,,-95.3,,,,-0.1370,-0.0308,-0.1062,-0.1012,0.0107,-0.1119,0.0398,0.1240,-0.0842,0.4377,0.3287,0.1090,0.6318,0.4526,0.1792,0.6909,0.5656,0.1253,,,,,,,,,,,,,,,,
2020-12,actual,-0.0330,-0.7978,,,,-79.8,,,,-0.1327,-0.0272,-0.1054,-0.1062,0.0151,-0.1213,0.0384,0.1286,-0.0903,0.4412,0.3330,0.1083,0.6429,0.4564,0.1865,0.6855,0.5689,0.1166,,,,,,,,,,,,,,,,
2021-01,actual,-0.0120,-0.5183,,,,-51.8,,,,-0.1300,-0.0406,-0.0894,-0.1107,0.0035,-0.1142,0.0657,0.1158,-0.0502,0.5009,0.3120,0.1888,0.6640,0.4287,0.2353,0.6973,0.5410,0.1563,,,,,,,,,,,,,,,,
2021-02,actual,-0.0220,-0.1001,,,,-10.0,,,,-0.1125,-0.0216,-0.0908,-0.0396,0.0548,-0.0945,0.1804,0.1768,0.0036,0.6002,0.3526,0.2477,0.7570,0.4443,0.3128,0.7856,0.5453,0.2403,,,,,,,,,,,,,,,,
2021-03,actual,-0.0440,0.3025,,,,30.2,,,,-0.1342,-0.0161,-0.1181,-0.0812,0.0481,-0.1293,0.1128,0.1604,-0.0476,0.5266,0.3373,0.1894,0.6743,0.4341,0.2402,0.7003,0.5384,0.1619,,,,,,,,,,,,,,,,
2021-04,actual,-0.0170,0.1704,,,,17.0,,,,-0.1298,-0.0195,-0.1103,-0.0891,0.0391,-0.1282,0.1044,0.1530,-0.0486,0.4971,0.3373,0.1597,0.6588,0.4406,0.2182,0.6915,0.5468,0.1447,,,,,,,,,,,,,,,,
2021-05,actual,-0.0340,0.1417,,,,14.2,,,,-0.1314,-0.0223,-0.1091,-0.0906,0.0389,-0.1294,0.0942,0.1579,-0.0637,0.4898,0.3480,0.1419,0.6744,0.4549,0.2195,0.7347,0.5610,0.1737,,,,,,,,,,,,,,,,
2021-06,actual,-0.0500,-0.2609,,,,-26.1,,,,-0.1170,-0.0139,-0.1032,-0.0940,0.0322,-0.1262,0.0746,0.1433,-0.0688,0.4921,0.3409,0.1513,0.6971,0.4587,0.2384,0.7892,0.5689,0.2203,,,,,,,,,,,,,,,,
2021-07,actual,-0.0440,-0.4805,,,,-48.1,,,,-0.1294,-0.0282,-0.1012,-0.1197,0.0106,-0.1303,0.0294,0.1223,-0.0929,0.4268,0.3286,0.0982,0.6351,0.4547,0.1803,0.7490,0.5685,0.1805,,,,,,,,,,,,,,,,
2021-08,actual,-0.0360,-0.4760,,,,-47.6,,,,-0.1298,-0.0230,-0.1068,-0.1107,0.0163,-0.1270,0.0366,0.1270,-0.0904,0.4443,0.3308,0.1135,0.6468,0.4549,0.1918,0.7588,0.5680,0.1908,,,,,,,,,,,,,,,,
2021-09,actual,-0.0490,-0.3011,,,,-30.1,,,,-0.1189,-0.0028,-0.1162,-0.0819,0.0475,-0.1294,0.0876,0.1560,-0.0684,0.4858,0.3452,0.1405,0.6737,0.4555,0.2182,0.7731,0.5633,0.2098,,,,,,,,,,,,,,,,
2021-10,actual,-0.0270,-0.4685,,,,-46.9,,,,-0.1073,0.0001,-0.1074,-0.0731,0.0564,-0.1295,0.1103,0.1657,-0.0554,0.5063,0.3479,0.1584,0.6838,0.4508,0.2330,0.7264,0.5562,0.1702,,,,,,,,,,,,,,,,
2021-11,actual,-0.0480,-0.7095,,,,-71.0,,,,-0.1272,-0.0184,-0.1089,-0.0972,0.0322,-0.1294,0.0767,0.1435,-0.0668,0.4905,0.3368,0.1537,0.6820,0.4502,0.2318,0.7419,0.5595,0.1824,,,,,,,,,,,,,,,,
2021-12,actual,-0.0180,-0.6664,,,,-66.6,,,,-0.0954,-0.0134,-0.0820,-0.0691,0.0443,-0.1134,0.0982,0.1587,-0.0605,0.5212,0.3447,0.1766,0.7024,0.4500,0.2524,0.7629,0.5560,0.2069,,,,,,,,,,,,,,,,
2022-01,actual,-0.0210,-0.6454,,,,-64.5,,,,-0.0563,0.0082,-0.0644,-0.0130,0.0907,-0.1037,0.1899,0.2119,-0.0220,0.6038,0.3802,0.2236,0.7886,0.4650,0.3236,0.8268,0.5615,0.2652,,,,,,,,,,,,,,,,
2022-02,actual,-0.0120,-0.7798,,,,-78.0,,,,-0.0370,0.0250,-0.0620,0.0132,0.1179,-0.1047,0.1997,0.2417,-0.0420,0.6942,0.4023,0.2919,0.8911,0.4791,0.4120,0.9230,0.5711,0.3519,,,,,,,,,,,,,,,,
2022-03,actual,-0.0200,-0.8460,,,,-84.6,,,,-0.0389,0.0304,-0.0694,0.0378,0.1350,-0.0972,0.2318,0.2658,-0.0340,0.7435,0.4276,0.3159,0.9319,0.5034,0.4285,0.9610,0.5962,0.3647,,,,,,,,,,,,,,,,
2022-04,actual,-0.0210,-0.3810,,,,-38.1,,,,-0.0606,0.0276,-0.0882,0.0095,0.1670,-0.1575,0.2547,0.3163,-0.0616,0.7867,0.4772,0.3094,0.9797,0.5458,0.4339,1.0313,0.6386,0.3928,,,,,,,,,,,,,,,,
2022-05,actual,-0.0260,-0.3734,,,,-37.3,,,,-0.0696,0.0307,-0.1003,0.0159,0.1710,-0.1551,0.2664,0.3245,-0.0581,0.8173,0.4928,0.3245,1.0414,0.5666,0.4748,1.1367,0.6595,0.4772,,,,,,,,,,,,,,,,
2022-06,actual,-0.0400,-0.3342,,,,-33.4,,,,-0.0686,0.0694,-0.1381,0.0369,0.2346,-0.1977,0.3178,0.3973,-0.0795,0.9558,0.5626,0.3932,1.2381,0.6301,0.6080,1.3405,0.7182,0.6223,,,,,,,,,,,,,,,,
2022-07,actual,-0.0100,-0.8632,,,,-86.3,,,,-0.0936,0.0550,-0.1486,-0.0221,0.1874,-0.2095,0.2085,0.3422,-0.1337,0.9102,0.5255,0.3847,1.2182,0.6143,0.6039,1.3496,0.7086,0.6409,,,,,,,,,,,,,,,,
2022-08,actual,-0.0410,-0.7450,,,,-74.5,,,,-0.0887,0.0785,-0.1672,0.0203,0.2286,-0.2083,0.2513,0.3859,-0.1346,0.9208,0.5616,0.3592,1.2191,0.6416,0.5775,1.3212,0.7338,0.5874,,,,,,,,,,,,,,,,
2022-09,actual,-0.0730,-0.5028,,,,-50.3,,,,-0.0455,0.1125,-0.1580,0.0892,0.2954,-0.2062,0.3243,0.4664,-0.1421,1.0797,0.6385,0.4413,1.4062,0.7111,0.6950,1.5457,0.8009,0.7448,,,,,,,,,,,,,,,,
2022-10,actual,-0.0620,-0.1936,,,,-19.4,,,,-0.0406,0.0992,-0.1398,0.0850,0.2883,-0.2034,0.3159,0.4680,-0.1521,1.1303,0.6465,0.4839,1.4462,0.7237,0.7225,1.5754,0.8171,0.7583,,,,,,,,,,,,,,,,
2022-11,actual,-0.0790,-0.7391,,,,-73.9,,,,-0.0270,0.1219,-0.1489,0.1148,0.3343,-0.2195,0.3648,0.5205,-0.1557,1.2046,0.6908,0.5138,1.5321,0.7577,0.7744,1.6853,0.8476,0.8377,,,,,,,,,,,,,,,,
2022-12,actual,-0.0220,-0.5696,,,,-57.0,,,,0.0388,0.1669,-0.1281,0.2621,0.3972,-0.1351,0.5450,0.5814,-0.0364,1.3545,0.7324,0.6221,1.6034,0.7817,0.8217,1.7576,0.8699,0.8877,,,,,,,,,,,,,,,,
2023-01,actual,-0.0140,-0.7896,,,,-79.0,,,,-0.0156,0.1252,-0.1408,0.1940,0.3732,-0.1792,0.6579,0.5697,0.0882,1.4542,0.7253,0.7289,1.6181,0.7765,0.8416,1.7333,0.8761,0.8572,,,,,,,,,,,,,,,,
2023-02,actual,-0.0110,-0.4841,,,,-48.4,,,,-0.0398,0.1351,-0.1749,0.2216,0.3857,-0.1641,0.6031,0.5863,0.0168,1.2627,0.7471,0.5156,1.4266,0.8000,0.6265,1.4648,0.8982,0.5666,,,,,,,,,,,,,,,,
2023-03,actual,-0.0300,-0.7203,,,,-72.0,,,,-0.0838,0.1092,-0.1931,0.0978,0.3276,-0.2298,0.4415,0.5181,-0.0766,1.1034,0.6944,0.4090,1.3226,0.7656,0.5570,1.3978,0.8671,0.5307,,,,,,,,,,,,,,,,
2023-04,actual,-0.0730,-0.7316,,,,-73.2,,,,-0.0556,0.0832,-0.1388,0.0929,0.2745,-0.1816,0.4239,0.4589,-0.0350,1.0580,0.6513,0.4067,1.2983,0.7408,0.5575,1.3826,0.8481,0.5344,,,,,,,,,,,,,,,,
2023-05,actual,-0.0710,-0.6794,,,,-67.9,,,,-0.0687,0.0627,-0.1314,0.0826,0.2786,-0.1960,0.4667,0.4832,-0.0165,1.0871,0.6867,0.4004,1.3309,0.7800,0.5509,1.4894,0.8918,0.5977,,,,,,,,,,,,,,,,
2023-06,actual,-0.0770,-0.7574,,,,-75.7,,,,-0.0806,0.0541,-0.1348,0.0706,0.2602,-0.1896,0.4404,0.4597,-0.0192,1.0717,0.6636,0.4081,1.3233,0.7588,0.5646,1.4852,0.8697,0.6155,,,,,,,,,,,,,,,,
2023-07,actual,-0.0610,-0.6232,,,,-62.3,,,,-0.0083,0.0485,-0.0568,0.1862,0.3016,-0.1155,0.6332,0.5320,0.1012,1.2866,0.7356,0.5509,1.5139,0.8206,0.6933,1.6790,0.9315,0.7476,,,,,,,,,,,,,,,,
2023-08,actual,-0.0560,-0.5088,,,,-50.9,,,,0.0140,0.0791,-0.0651,0.2190,0.3548,-0.1358,0.6808,0.5931,0.0878,1.4293,0.7926,0.6368,1.6595,0.8721,0.7873,1.8212,0.9832,0.8381,,,,,,,,,,,,,,,,
2023-09,actual,-0.0620,0.1520,,,,15.2,,,,0.0271,0.1170,-0.0899,0.3189,0.4173,-0.0984,0.8063,0.6586,0.1478,1.5168,0.8457,0.6711,1.7012,0.9120,0.7892,1.8431,1.0216,0.8216,,,,,,,,,,,,,,,,
2023-10,actual,-0.0200,0.4058,,,,40.6,,,,0.1240,0.1682,-0.0442,0.4555,0.4984,-0.0429,0.9911,0.7458,0.2453,1.7723,0.9116,0.8607,1.9213,0.9564,0.9649,2.0066,1.0605,0.9461,,,,,,,,,,,,,,,,
2023-11,actual,-0.0220,0.0570,,,,5.7,,,,0.0276,0.1493,-0.1218,0.2581,0.4560,-0.1978,0.7160,0.7011,0.0149,1.5186,0.8899,0.6287,1.7414,0.9578,0.7836,1.8850,1.0673,0.8177,,,,,,,,,,,,,,,,
2023-12,actual,-0.0390,-0.3345,,,,-33.5,,,,0.0285,0.1399,-0.1114,0.2260,0.4072,-0.1813,0.6733,0.6326,0.0407,1.4842,0.8283,0.6559,1.7255,0.9101,0.8155,1.8626,1.0227,0.8399,,,,,,,,,,,,,,,,
2024-01,actual,-0.0110,-0.2037,,,,-20.4,,,,0.0572,0.1807,-0.1235,0.2932,0.4568,-0.1637,0.7606,0.6850,0.0756,1.5950,0.8801,0.7150,1.8570,0.9602,0.8968,1.9938,1.0713,0.9224,,,,,,,,,,,,,,,,
2024-02,actual,-0.0050,-0.1570,,,,-15.7,,,,0.1785,0.2175,-0.0390,0.3696,0.4661,-0.0965,0.7411,0.6756,0.0654,1.5271,0.8642,0.6629,1.7864,0.9455,0.8409,1.9261,1.0553,0.8708,,,,,,,,,,,,,,,,
2024-03,actual,0.0740,-0.2629,,,,-26.3,,,,0.1639,0.2375,-0.0737,0.3451,0.4652,-0.1201,0.7636,0.6672,0.0963,1.5605,0.8654,0.6951,1.8416,0.9588,0.8828,2.0066,1.0723,0.9344,,,,,,,,,,,,,,,,
2024-04,actual,0.0760,-0.0345,,,,-3.5,,,,0.2668,0.2918,-0.0250,0.4704,0.5461,-0.0757,0.8997,0.7529,0.1468,1.7230,0.9346,0.7884,1.9863,1.0115,0.9748,2.1378,1.1208,1.0169,,,,,,,,,,,,,,,,
2024-05,actual,0.0770,0.0063,,,,0.6,,,,0.3865,0.3800,0.0064,0.6438,0.6486,-0.0048,1.0934,0.8547,0.2388,1.9292,1.0266,0.9026,2.2442,1.0938,1.1503,2.5880,1.1959,1.3921,,,,,,,,,,,,,,,,
2024-06,actual,0.0760,-0.1228,,,,-12.3,,,,0.3228,0.3503,-0.0275,0.5951,0.6211,-0.0260,1.0823,0.8338,0.2485,1.9298,1.0136,0.9162,2.2420,1.0857,1.1563,2.5941,1.1902,1.4040,,,,,,,,,,,,,,,,
2024-07,actual,0.0790,-0.1129,,,,-11.3,,,,0.4298,0.4600,-0.0303,0.6637,0.6842,-0.0204,1.0889,0.8439,0.2450,1.9331,1.0103,0.9228,2.2836,1.0858,1.1978,2.6498,1.1861,1.4638,,,,,,,,,,,,,,,,
2024-08,actual,0.2270,-0.1260,,,,-12.6,,,,0.3610,0.4036,-0.0427,0.5008,0.6179,-0.1171,0.9373,0.7949,0.1424,1.8285,0.9883,0.8403,2.2148,1.0843,1.1305,2.6123,1.1917,1.4206,,,,,,,,,,,,,,,,
2024-09,actual,0.2250,-0.1107,,,,-11.1,,,,0.3677,0.4254,-0.0576,0.5047,0.6269,-0.1223,0.9096,0.7945,0.1151,1.7937,0.9858,0.8079,2.2030,1.0826,1.1204,2.6261,1.1873,1.4389,,,,,,,,,,,,,,,,
2024-10,actual,0.2270,0.1637,,,,16.4,,,,0.4344,0.5048,-0.0703,0.5892,0.7080,-0.1188,0.9612,0.8659,0.0953,1.8778,1.0475,0.8303,2.3071,1.1390,1.1681,2.8046,1.2406,1.5640,,,,,,,,,,,,,,,,
2024-11,actual,0.2270,0.0839,,,,8.4,,,,0.5912,0.6144,-0.0231,0.7308,0.8006,-0.0699,1.0728,0.9291,0.1437,1.9394,1.0833,0.8561,2.3575,1.1595,1.1980,2.8713,1.2545,1.6169,,,,,,,,,,,,,,,,
2024-12,actual,0.2270,0.4807,,,,48.1,,,,0.5750,0.5778,-0.0028,0.7521,0.7757,-0.0236,1.1218,0.9168,0.2049,1.9735,1.0842,0.8894,2.3485,1.1697,1.1788,2.8360,1.2739,1.5621,,,,,,,,,,,,,,,,
2025-01,actual,0.4770,0.4902,,,,49.0,,,,0.7111,0.6913,0.0198,0.9260,0.9148,0.0112,1.2623,1.0027,0.2596,2.0336,1.1522,0.8814,2.3871,1.2194,1.1677,2.8304,1.3119,1.5185,,,,,,,,,,,,,,,,
2025-02,actual,0.4770,0.2614,,,,26.1,,,,0.7866,0.7255,0.0611,1.0224,0.9601,0.0623,1.3946,1.0506,0.3440,2.1026,1.1975,0.9050,2.4333,1.2620,1.1713,2.8426,1.3568,1.4858,,,,,,,,,,,,,,,,
2025-03,actual,0.4760,0.3711,,,,37.1,,,,0.8257,0.7559,0.0698,1.1187,1.0007,0.1179,1.5112,1.0916,0.4197,2.2794,1.2296,1.0498,2.5831,1.2862,1.2969,2.8662,1.3793,1.4870,,,,,,,,,,,,,,,,
2025-04,actual,0.4760,0.5940,,,,59.4,,,,0.6662,0.6830,-0.0168,0.8896,0.9542,-0.0646,1.3518,1.0868,0.2649,2.3286,1.2607,1.0679,2.8075,1.3358,1.4717,3.2093,1.4265,1.7828,,,,,,,,,,,,,,,,
2025-05,actual,0.4760,0.7401,,,,74.0,,,,0.7459,0.7208,0.0250,1.0356,0.9885,0.0472,1.5359,1.1223,0.4135,2.5137,1.3057,1.2080,3.0586,1.3884,1.6702,3.6566,1.4775,2.1792,,,,,,,,,,,,,,,,
2025-06,actual,0.4770,0.6246,,,,62.5,,,,0.7171,0.7228,-0.0058,1.0004,0.9888,0.0116,1.4783,1.1230,0.3553,2.4568,1.3116,1.1452,3.0217,1.3990,1.6227,3.6706,1.4890,2.1816,,,,,,,,,,,,,,,,
2025-07,actual,0.4780,0.6339,,,,63.4,,,,0.8059,0.7983,0.0076,1.1038,1.0938,0.0100,1.5823,1.2378,0.3446,2.6471,1.4150,1.2320,3.2842,1.4881,1.7961,3.9249,1.5678,2.3572,,,,,,,,,,,,,,,,
2025-08,actual,0.4770,0.7762,,,,77.6,,,,0.8637,0.8505,0.0132,1.1775,1.1603,0.0172,1.6297,1.3075,0.3222,2.6978,1.4761,1.2217,3.3839,1.5385,1.8454,3.9492,1.6096,2.3395,,,,,,,,,,,,,,,,
2025-09,actual,0.4770,0.6146,,,,61.5,,,,0.9309,0.9138,0.0171,1.2616,1.2195,0.0421,1.6780,1.3508,0.3272,2.6886,1.5013,1.1873,3.3212,1.5528,1.7684,3.8499,1.6226,2.2274,,,,,,,,,,,,,,,,
2025-10,actual,0.4770,0.5667,,,,56.7,,,,0.8957,0.8912,0.0045,1.2279,1.2104,0.0175,1.6897,1.3577,0.3320,2.6981,1.5246,1.1735,3.3676,1.5860,1.7816,3.8198,1.6597,2.1601,,,,,,,,,,,,,,,,
2025-11,actual,0.4770,0.5864,,,,58.6,,,,0.9447,0.9305,0.0142,1.3177,1.2889,0.0288,1.8378,1.4569,0.3810,2.9204,1.6129,1.3075,3.6261,1.6558,1.9703,4.1444,1.7189,2.4255,,,,,,,,,,,,,,,,
2025-12,actual,0.7270,0.7547,,,,75.5,,,,1.1272,1.0704,0.0568,1.5698,1.4814,0.0884,2.0840,1.5590,0.5250,3.0306,1.6982,1.3324,3.6431,1.7255,1.9176,3.8852,1.7869,2.0983,,,,,,,,,,,,,,,,
2026-01,actual,0.7270,0.7684,,,,76.8,,,,1.2139,1.1591,0.0547,1.6757,1.5990,0.0767,2.2650,1.6726,0.5924,3.2830,1.7845,1.4985,3.8953,1.7878,2.1075,4.1018,1.8418,2.2600,,,,,,,,,,,,,,,,
2026-02,actual,0.7270,0.5997,,,,60.0,,,,1.2111,1.1575,0.0536,1.5964,1.5529,0.0436,2.1482,1.5968,0.5513,3.0663,1.7045,1.3618,3.6122,1.7154,1.8968,3.8016,1.7761,2.0254,,,,,,,,,,,,,,,,
2026-03,actual,0.7270,0.6562,,,,65.6,,,,1.3431,1.2400,0.1032,1.8063,1.6795,0.1268,2.3804,1.7374,0.6430,3.3820,1.8269,1.5551,3.9240,1.8165,2.1074,4.0590,1.8702,2.1888,,,,,,,,,,,,,,,,
2026-04,actual,0.7270,0.7210,,,,72.1,,,,1.3708,1.2331,0.1377,1.9095,1.7213,0.1882,2.5378,1.8055,0.7324,3.4970,1.8873,1.6097,4.0100,1.8592,2.1507,4.0559,1.9085,2.1474,,,,,,,,,,,,,,,,
2026-05,actual,0.7270,0.6669,,,,66.7,,,,1.3610,1.2596,0.1015,1.9181,1.7984,0.1197,2.6688,1.9136,0.7553,3.6463,1.9960,1.6503,4.1859,1.9573,2.2286,4.0471,2.0033,2.0438,,,,,,,,,,,,,,,,
2026-06,actual,0.9760,0.5130,,,,51.3,,,,1.3696,1.3134,0.0562,1.9344,1.8435,0.0910,2.7042,1.9502,0.7539,3.7201,2.0192,1.7008,4.1998,1.9710,2.2287,4.0115,2.0159,1.9955,,,,,,,,,,,,,,,,
2026-07,actual,0.9790,0.7732,,,,77.3,,,,1.4953,1.4280,0.0674,2.0438,1.9706,0.0731,2.8163,2.0659,0.7504,3.8071,2.1122,1.6949,4.3346,2.0458,2.2888,4.2746,2.0812,2.1934,2.8163,2.8163,0.7504,0.7504,3.8071,3.8071,1.6949,1.6949,4.3346,4.3346,2.2888,2.2888,4.2746,4.2746,2.1934,2.1934
2026-08,forecast,1.0000,,0.7732,0.7732,0.7732,,77.3,77.3,77.3,1.5682,1.5009,0.0674,2.0964,2.0233,0.0731,2.8163,2.0659,0.7504,3.8071,2.1122,1.6949,4.3346,2.0458,2.2888,4.2746,2.0812,2.1934,2.8163,2.8163,0.7504,0.7504,3.8071,3.8071,1.6949,1.6949,4.3346,4.3346,2.2888,2.2888,4.2746,4.2746,2.1934,2.1934
2026-09,forecast,1.0000,,0.9228,0.9932,0.8523,,92.3,99.3,85.2,1.6042,1.5369,0.0674,2.1520,2.0493,0.1027,2.9033,2.0951,0.8081,3.8706,2.1338,1.7369,4.3895,2.0624,2.3270,4.3247,2.0945,2.2302,2.9191,2.8874,0.8239,0.7923,3.8904,3.8509,1.7566,1.7171,4.4075,4.3715,2.3451,2.3090,4.3420,4.3074,2.2475,2.2129
2026-10,forecast,1.2500,,1.0724,1.2132,0.9315,,107.2,121.3,93.2,1.6492,1.5819,0.0674,2.2141,2.0818,0.1323,2.9975,2.1317,0.8658,3.9395,2.1607,1.7788,4.4485,2.0832,2.3653,4.3780,2.1111,2.2669,3.0292,2.9659,0.8974,0.8342,3.9790,3.9001,1.8183,1.7393,4.4845,4.4125,2.4013,2.3293,4.4127,4.3434,2.3015,2.2323
2026-11,forecast,1.2500,,1.2220,1.4333,1.0107,,122.2,143.3,101.1,1.6672,1.5999,0.0674,2.2567,2.0948,0.1619,3.0699,2.1464,0.9235,3.9923,2.1716,1.8207,4.4952,2.0916,2.4036,4.4215,2.1178,2.3037,3.1173,3.0224,0.9710,0.8760,4.0516,3.9331,1.8800,1.7615,4.5492,4.4411,2.4576,2.3495,4.4735,4.3696,2.3556,2.2518
2026-12,forecast,1.2500,,1.2133,1.4950,0.9317,,121.3,149.5,93.2,1.7032,1.6359,0.0674,2.3123,2.1208,0.1915,3.1213,2.1756,0.9456,3.9947,2.1932,1.8015,4.4719,2.1082,2.3637,4.4059,2.1311,2.2748,3.1845,3.0580,1.0089,0.8823,4.0736,3.9157,1.8805,1.7225,4.5440,4.3999,2.4357,2.2917,4.4752,4.3367,2.3441,2.2056
2027-01,forecast,1.2500,,1.2047,1.5568,0.8526,,120.5,155.7,85.3,1.7662,1.6989,0.0674,2.3874,2.1663,0.2211,3.1946,2.2268,0.9678,4.0132,2.2309,1.7822,4.4611,2.1372,2.3238,4.4002,2.1543,2.2459,3.2737,3.1155,1.0469,0.8887,4.1119,3.9145,1.8809,1.6835,4.5511,4.3710,2.4139,2.2338,4.4868,4.3137,2.3325,2.1594
2027-02,forecast,1.2500,,1.1960,1.6185,0.7735,,119.6,161.9,77.4,1.7662,1.6989,0.0674,2.4170,2.1663,0.2507,3.2168,2.2269,0.9899,3.9940,2.2310,1.7630,4.4213,2.1373,2.2839,4.3715,2.1544,2.2171,3.3117,3.1218,1.0848,0.8950,4.1124,3.8755,1.8814,1.6445,4.5294,4.3132,2.3920,2.1759,4.4753,4.2676,2.3209,2.1132
2027-03,forecast,1.5000,,1.1874,1.6803,0.6945,,118.7,168.0,69.4,1.7662,1.6989,0.0674,2.4466,2.1663,0.2803,3.2389,2.2269,1.0120,3.9748,2.2311,1.7437,4.3815,2.1375,2.2441,4.3427,2.1546,2.1882,3.3497,3.1282,1.1227,0.9013,4.1130,3.8366,1.8819,1.6055,4.5076,4.2555,2.3701,2.1180,4.4639,4.2216,2.3093,2.0670
2027-04,forecast,1.5000,,1.1787,1.7421,0.6154,,117.9,174.2,61.5,1.7662,1.6989,0.0674,2.4762,2.1663,0.3099,3.2611,2.2270,1.0341,3.9557,2.2312,1.7245,4.3418,2.1376,2.2042,4.3140,2.1547,2.1593,3.3877,3.1346,1.1607,0.9076,4.1136,3.7977,1.8824,1.5665,4.4859,4.1977,2.3483,2.0601,4.4524,4.1755,2.2977,2.0208
2027-05,forecast,1.5000,,1.1701,1.8038,0.5363,,117.0,180.4,53.6,1.7662,1.6989,0.0674,2.5058,2.1663,0.3395,3.2833,2.2270,1.0563,3.9365,2.2313,1.7052,4.3020,2.1377,2.1643,4.2852,2.1548,2.1304,3.4257,3.1409,1.1986,0.9139,4.1142,3.7588,1.8829,1.5275,4.4641,4.1399,2.3264,2.0022,4.4410,4.1295,2.2862,1.9746
2027-06,forecast,1.5000,,1.1614,1.8656,0.4572,,116.1,186.6,45.7,1.7662,1.6989,0.0674,2.5354,2.1663,0.3691,3.3055,2.2271,1.0784,3.9174,2.2314,1.6860,4.2623,2.1378,2.1244,4.2565,2.1550,2.1015,3.4637,3.1473,1.2366,0.9202,4.1148,3.7199,1.8834,1.4885,4.4424,4.0822,2.3045,1.9443,4.4296,4.0834,2.2746,1.9284
2027-07,forecast,1.5000,,1.1527,1.9273,0.3782,,115.3,192.7,37.8,1.7662,1.6989,0.0674,2.5650,2.1663,0.3987,3.3277,2.2272,1.1005,3.8982,2.2315,1.6667,4.2225,2.1380,2.0845,4.2278,2.1551,2.0726,3.5017,3.1537,1.2745,0.9265,4.1154,3.6810,1.8838,1.4495,4.4206,4.0244,2.2827,1.8864,4.4181,4.0374,2.2630,1.8822
2027-08,forecast,1.5000,,1.1441,1.9187,0.3695,,114.4,191.9,36.9,1.7662,1.6989,0.0674,2.5946,2.1663,0.4283,3.3499,2.2272,1.1227,3.8790,2.2316,1.6474,4.1828,2.1381,2.0447,4.1990,2.1553,2.0437,3.5239,3.1759,1.2967,0.9487,4.0962,3.6619,1.8646,1.4303,4.3809,3.9846,2.2428,1.8465,4.3894,4.0086,2.2341,1.8534
2027-09,forecast,1.5000,,1.1354,1.9100,0.3608,,113.5,191.0,36.1,1.7662,1.6989,0.0674,2.5863,2.1663,0.4200,3.3330,2.2273,1.1057,3.8599,2.2317,1.6282,4.1430,2.1382,2.0048,4.1703,2.1554,2.0149,3.5070,3.1590,1.2797,0.9317,4.0770,3.6427,1.8453,1.4110,4.3411,3.9449,2.2029,1.8067,4.3606,3.9799,2.2052,1.8245
2027-10,forecast,1.5000,,1.1268,1.9014,0.3522,,112.7,190.1,35.2,1.7662,1.6989,0.0674,2.5780,2.1663,0.4117,3.3161,2.2273,1.0888,3.8407,2.2318,1.6089,4.1032,2.1383,1.9649,4.1415,2.1556,1.9860,3.4901,3.1421,1.2628,0.9148,4.0579,3.6236,1.8261,1.3918,4.3014,3.9051,2.1630,1.7668,4.3319,3.9511,2.1764,1.7956
2027-11,forecast,1.5000,,1.1181,1.8927,0.3435,,111.8,189.3,34.4,1.7662,1.6989,0.0674,2.5696,2.1663,0.4033,3.2992,2.2274,1.0718,3.8216,2.2319,1.5897,4.0635,2.1385,1.9250,4.1128,2.1557,1.9571,3.4732,3.1252,1.2458,0.8978,4.0387,3.6044,1.8068,1.3725,4.2616,3.8654,2.1231,1.7269,4.3032,3.9224,2.1475,1.7667
2027-12,forecast,1.5000,,1.1095,1.8841,0.3349,,110.9,188.4,33.5,1.7662,1.6989,0.0674,2.5613,2.1663,0.3950,3.2823,2.2274,1.0549,3.8024,2.2320,1.5704,4.0237,2.1386,1.8851,4.0840,2.1558,1.9282,3.4563,3.1083,1.2289,0.8809,4.0196,3.5853,1.7876,1.3533,4.2219,3.8256,2.0833,1.6870,4.2744,3.8937,2.1186,1.7378
2028-01,forecast,1.5000,,1.1008,1.8754,0.3262,,110.1,187.5,32.6,1.7662,1.6989,0.0674,2.5530,2.1663,0.3867,3.2654,2.2275,1.0379,3.7833,2.2321,1.5512,3.9840,2.1387,1.8453,4.0553,2.1560,1.8993,3.4394,3.0914,1.2120,0.8639,4.0004,3.5661,1.7683,1.3340,4.1821,3.7859,2.0434,1.6472,4.2457,3.8649,2.0897,1.7089
2028-02,forecast,1.5000,,1.0922,1.8668,0.3176,,109.2,186.7,31.8,1.7662,1.6989,0.0674,2.5446,2.1663,0.3783,3.2485,2.2276,1.0210,3.7641,2.2322,1.5319,3.9442,2.1388,1.8054,4.0265,2.1561,1.8704,3.4226,3.0745,1.1950,0.8470,3.9812,3.5469,1.7491,1.3147,4.1423,3.7461,2.0035,1.6073,4.2169,3.8362,2.0608,1.6800
2028-03,forecast,1.5000,,1.0835,1.8581,0.3089,,108.3,185.8,30.9,1.7662,1.6989,0.0674,2.5363,2.1663,0.3700,3.2317,2.2276,1.0041,3.7449,2.2323,1.5126,3.9045,2.1390,1.7655,3.9978,2.1563,1.8415,3.4057,3.0577,1.1781,0.8300,3.9621,3.5278,1.7298,1.2955,4.1026,3.7064,1.9636,1.5674,4.1882,3.8074,2.0319,1.6512
2028-04,forecast,1.5000,,1.0748,1.8494,0.3002,,107.5,184.9,30.0,1.7662,1.6989,0.0674,2.5280,2.1663,0.3617,3.2148,2.2277,0.9871,3.7258,2.2324,1.4934,3.8647,2.1391,1.7256,3.9691,2.1564,1.8127,3.3888,3.0408,1.1611,0.8131,3.9429,3.5086,1.7105,1.2762,4.0628,3.6666,1.9237,1.5275,4.1594,3.7787,2.0030,1.6223
2028-05,forecast,1.5000,,1.0662,1.8408,0.2916,,106.6,184.1,29.2,1.7662,1.6989,0.0674,2.5196,2.1663,0.3533,3.1979,2.2277,0.9702,3.7066,2.2325,1.4741,3.8250,2.1392,1.6857,3.9403,2.1565,1.7838,3.3719,3.0239,1.1442,0.7962,3.9238,3.4895,1.6913,1.2570,4.0231,3.6268,1.8839,1.4876,4.1307,3.7499,1.9742,1.5934
2028-06,forecast,1.5000,,1.0575,1.8321,0.2829,,105.8,183.2,28.3,1.7662,1.6989,0.0674,2.5113,2.1663,0.3450,3.1810,2.2278,0.9532,3.7043,2.2326,1.4717,3.8229,2.1393,1.6835,3.9383,2.1567,1.7816,3.3550,3.0070,1.1272,0.7792,3.9214,3.4871,1.6889,1.2546,4.0210,3.6248,1.8816,1.4854,4.1287,3.7479,1.9720,1.5913
2028-07,forecast,1.5000,,1.0489,1.8235,0.2743,,104.9,182.3,27.4,1.7662,1.6989,0.0674,2.5030,2.1663,0.3367,3.1641,2.2278,0.9363,3.7020,2.2327,1.4693,3.8208,2.1395,1.6813,3.9363,2.1568,1.7795,3.3381,2.9901,1.1103,0.7623,3.9191,3.4848,1.6864,1.2521,4.0189,3.6227,1.8794,1.4832,4.1267,3.7460,1.9699,1.5891
2028-08,forecast,1.5000,,1.0402,1.8148,0.2656,,104.0,181.5,26.6,1.7662,1.6989,0.0674,2.4946,2.1663,0.3283,3.1472,2.2279,0.9193,3.6996,2.2328,1.4669,3.8187,2.1396,1.6791,3.9344,2.1570,1.7774,3.3212,2.9732,1.0933,0.7453,3.9168,3.4825,1.6840,1.2497,4.0168,3.6206,1.8772,1.4810,4.1247,3.7440,1.9678,1.5870
2028-09,forecast,1.5000,,1.0316,1.8062,0.2570,,103.2,180.6,25.7,1.7662,1.6989,0.0674,2.4946,2.1663,0.3283,3.1453,2.2280,0.9174,3.6973,2.2329,1.4644,3.8166,2.1397,1.6769,3.9324,2.1571,1.7753,3.3193,2.9713,1.0914,0.7434,3.9145,3.4801,1.6816,1.2473,4.0147,3.6185,1.8750,1.4788,4.1228,3.7420,1.9656,1.5849
2028-10,forecast,1.5000,,1.0229,1.7975,0.2483,,102.3,179.8,24.8,1.7662,1.6989,0.0674,2.4946,2.1663,0.3283,3.1434,2.2280,0.9154,3.6950,2.2330,1.4620,3.8145,2.1398,1.6747,3.9304,2.1573,1.7731,3.3175,2.9694,1.0894,0.7414,3.9121,3.4778,1.6792,1.2448,4.0126,3.6164,1.8728,1.4766,4.1208,3.7400,1.9635,1.5827
2028-11,forecast,1.5000,,1.0143,1.7888,0.2397,,101.4,178.9,24.0,1.7662,1.6989,0.0674,2.4946,2.1663,0.3283,3.1416,2.2281,0.9135,3.6926,2.2331,1.4596,3.8124,2.1400,1.6725,3.9284,2.1574,1.7710,3.3156,2.9676,1.0875,0.7395,3.9098,3.4755,1.6767,1.2424,4.0105,3.6143,1.8706,1.4743,4.1188,3.7380,1.9614,1.5806
2028-12,forecast,1.5000,,1.0056,1.7802,0.2310,,100.6,178.0,23.1,1.7662,1.6989,0.0674,2.4946,2.1663,0.3283,3.1397,2.2281,0.9115,3.6903,2.2332,1.4571,3.8103,2.1401,1.6702,3.9264,2.1575,1.7689,3.3137,2.9657,1.0856,0.7375,3.9075,3.4732,1.6743,1.2400,4.0084,3.6122,1.8684,1.4721,4.1168,3.7360,1.9593,1.5785
2029-01,forecast,1.5000,,0.9969,1.7715,0.2223,,99.7,177.2,22.2,1.7662,1.6989,0.0674,2.4946,2.1663,0.3283,3.1378,2.2282,0.9096,3.6880,2.2333,1.4547,3.8082,2.1402,1.6680,3.9244,2.1577,1.7667,3.3118,2.9638,1.0836,0.7356,3.9051,3.4708,1.6719,1.2376,4.0064,3.6101,1.8662,1.4699,4.1148,3.7341,1.9571,1.5764
2029-02,forecast,1.5000,,0.9883,1.7629,0.2137,,98.8,176.3,21.4,1.7662,1.6989,0.0674,2.4946,2.1663,0.3283,3.1359,2.2282,0.9077,3.6857,2.2334,1.4523,3.8061,2.1403,1.6658,3.9224,2.1578,1.7646,3.3099,2.9619,1.0817,0.7337,3.9028,3.4685,1.6694,1.2351,4.0043,3.6080,1.8639,1.4677,4.1128,3.7321,1.9550,1.5742
2029-03,forecast,1.5000,,0.9796,1.7542,0.2050,,98.0,175.4,20.5,1.7662,1.6989,0.0674,2.4946,2.1663,0.3283,3.1340,2.2283,0.9057,3.6833,2.2335,1.4499,3.8041,2.1405,1.6636,3.9205,2.1580,1.7625,3.3080,2.9600,1.0797,0.7317,3.9005,3.4662,1.6670,1.2327,4.0022,3.6059,1.8617,1.4655,4.1108,3.7301,1.9529,1.5721
2029-04,forecast,1.5000,,0.9710,1.7456,0.1964,,97.1,174.6,19.6,1.7662,1.6989,0.0674,2.4946,2.1663,0.3283,3.1321,2.2284,0.9038,3.6810,2.2336,1.4474,3.8020,2.1406,1.6614,3.9185,2.1581,1.7604,3.3061,2.9581,1.0778,0.7298,3.8982,3.4638,1.6646,1.2303,4.0001,3.6039,1.8595,1.4633,4.1089,3.7281,1.9507,1.5700
2029-05,forecast,1.5000,,0.9623,1.7369,0.1877,,96.2,173.7,18.8,1.7662,1.6989,0.0674,2.4946,2.1663,0.3283,3.1302,2.2284,0.9018,3.6787,2.2337,1.4450,3.7999,2.1407,1.6592,3.9165,2.1583,1.7582,3.3042,2.9562,1.0758,0.7278,3.8958,3.4615,1.6622,1.2279,3.9980,3.6018,1.8573,1.4611,4.1069,3.7261,1.9486,1.5679
2029-06,forecast,1.5000,,0.9537,1.7283,0.1791,,95.4,172.8,17.9,1.7662,1.6989,0.0674,2.4946,2.1663,0.3283,3.1283,2.2284,0.8999,3.6762,2.2337,1.4426,3.7977,2.1407,1.6570,3.9144,2.1583,1.7561,3.3023,2.9543,1.0739,0.7259,3.8934,3.4591,1.6597,1.2254,3.9958,3.5996,1.8551,1.4589,4.1047,3.7240,1.9465,1.5657
2029-07,forecast,1.5000,,0.9450,1.7196,0.1704,,94.5,172.0,17.0,1.7662,1.6989,0.0674,2.4946,2.1663,0.3283,3.1263,2.2284,0.8979,3.6738,2.2337,1.4402,3.7955,2.1407,1.6548,3.9122,2.1583,1.7540,3.3004,2.9523,1.0719,0.7239,3.8910,3.4567,1.6573,1.2230,3.9936,3.5973,1.8529,1.4566,4.1026,3.7218,1.9444,1.5636
