date,japan,uk,france,italy,us
2001-01-31,,,,5.7658,
2001-02-28,,,,5.8025,
2001-03-31,,,,5.7975,
2001-04-30,,,,5.8167,
2001-05-31,,,,5.8008,
2001-06-30,4.7352,,,5.785,
2001-07-31,,,,5.825,
2001-08-31,,,,5.7992,
2001-09-30,4.7745,,,5.83,
2001-10-31,,,,5.815,5.7997
2001-11-30,,,,5.8408,5.681
2001-12-31,4.8039,,6.1287,5.87,5.6255
2002-01-31,,,,5.815,5.6338
2002-02-28,,,6.23,5.8425,5.5406
2002-03-31,4.7338,,6.2327,5.9008,5.5316
2002-04-30,,,6.1643,5.8967,5.5044
2002-05-31,,,6.0438,5.9417,5.4557
2002-06-30,4.6692,,6.1561,5.9383,5.4362
2002-07-31,,,6.1615,5.9258,5.3257
2002-08-31,,,6.063,5.9,5.3358
2002-09-30,4.7792,,6.0164,5.9433,5.2868
2002-10-31,,,6.0739,5.9125,5.2291
2002-11-30,,,6.0767,5.8958,5.2124
2002-12-31,4.84,,5.9391,5.555,5.1472
2003-01-31,,,6.0274,5.5075,5.1415
2003-02-28,,,5.9473,5.56,5.0908
2003-03-31,4.7104,,5.8871,5.5425,4.9861
2003-04-30,,,5.9309,5.5275,4.9734
2003-05-31,,,5.909,5.585,5.0045
2003-06-30,4.6692,,5.8843,5.6675,4.905
2003-07-31,,,6.0137,5.7483,4.8478
2003-08-31,,,5.9473,5.7183,4.865
2003-09-30,4.7053,,5.909,5.8733,4.8636
2003-10-31,,,5.9199,5.9308,4.7931
2003-11-30,,,5.8569,5.9167,4.803
2003-12-31,4.7376,,5.8131,6.05,4.7776
2004-01-31,,,6.0027,6.0617,4.8045
2004-02-29,,,6.0767,6.0958,4.7503
2004-03-31,4.6339,10.78,6.0082,6.1733,4.6615
2004-04-30,,,6.1697,6.2283,4.6983
2004-05-31,,,6.1506,6.2567,4.7063
2004-06-30,4.5487,11.11,6.1807,6.2275,4.6702
2004-07-31,,,6.293,6.2842,4.6953
2004-08-31,,,6.2108,6.2267,4.6691
2004-09-30,4.7338,11.1,6.1588,6.26,4.6636
2004-10-31,,,6.23,6.3483,4.6297
2004-11-30,,,6.2327,6.3158,4.5887
2004-12-31,4.7671,11.12,6.2163,6.43,4.5929
2005-01-31,,,6.345,6.3517,4.6247
2005-02-28,,,6.616,6.305,4.5645
2005-03-31,4.7596,11.16,6.564,6.3008,4.5069
2005-04-30,,,6.6626,6.2983,4.5717
2005-05-31,,,6.6242,6.3267,4.6038
2005-06-30,4.8036,11.36,6.6215,6.31,4.62
2005-07-31,,,6.8542,6.3733,4.6018
2005-08-31,,,6.7912,6.3592,4.5643
2005-09-30,4.9563,11.76,6.7721,6.3717,4.5796
2005-10-31,,,6.8953,6.4883,4.5213
2005-11-30,,,6.8159,6.4258,4.4879
2005-12-31,5.0202,12.04,6.731,6.5592,4.4994
2006-01-31,,,6.8624,6.5025,4.4974
2006-02-28,,,6.8268,6.5983,4.5361
2006-03-31,5.0576,12.13,6.8652,6.6683,4.4659
2006-04-30,,,7.0,6.6508,4.5265
2006-05-31,,,7.0301,6.665,4.5569
2006-06-30,5.1154,12.4,7.0137,6.605,4.5699
2006-07-31,,,7.0411,6.6792,4.5731
2006-08-31,,,6.9637,6.6117,4.6065
2006-09-30,5.2191,12.66,7.0219,6.6275,4.6414
2006-10-31,,,7.1615,6.58,4.5954
2006-11-30,,,7.0849,6.5242,4.5642
2006-12-31,5.2714,13.01,7.1232,6.7667,4.5844
2007-01-31,,,7.1123,6.7833,4.6005
2007-02-28,,,7.1807,6.7933,4.6198
2007-03-31,5.2908,13.48,7.2437,6.7767,4.5494
2007-04-30,,,7.282,6.8017,4.5936
2007-05-31,,,7.2108,6.7208,4.6995
2007-06-30,5.2961,13.48,7.1588,6.7758,4.7287
2007-07-31,,,7.2464,6.7517,4.6761
2007-08-31,,,7.1478,6.7125,4.6863
2007-09-30,5.383,13.61,7.104,6.7133,4.7167
2007-10-31,,,7.1643,6.7783,4.6765
2007-11-30,,,7.1287,6.7767,4.6506
2007-12-31,5.4297,13.83,7.1396,6.8525,4.638
2008-01-31,,,7.2628,6.8067,4.6754
2008-02-29,,,7.1725,6.78,4.6485
2008-03-31,5.4422,14.22,7.115,6.6733,4.5737
2008-04-30,,,7.1506,6.6508,4.6564
2008-05-31,,,7.0849,6.8092,4.6947
2008-06-30,5.5165,14.08,7.0794,6.84,4.698
2008-07-31,,,7.1424,6.7825,4.6104
2008-08-31,,,7.0055,6.6967,4.6292
2008-09-30,5.5546,13.83,7.011,6.8442,4.3665
2008-10-31,,,6.9637,6.7233,4.0556
2008-11-30,,,6.8871,6.7367,4.0787
2008-12-31,5.6054,13.33,6.7995,6.8158,4.1292
2009-01-31,,,6.8569,6.7192,4.2003
2009-02-28,,,6.8077,6.7175,4.1319
2009-03-31,5.6387,13.5,6.6927,6.6375,4.1275
2009-04-30,,,6.7146,6.6925,4.1422
2009-05-31,,,6.6872,6.7683,4.1766
2009-06-30,5.5254,13.39,6.731,6.8417,4.2374
2009-07-31,,,6.8104,6.8567,4.2779
2009-08-31,,,6.6817,6.8458,4.3283
2009-09-30,5.5778,13.33,6.6626,6.8658,4.3907
2009-10-31,5.584,,6.6927,6.9433,4.4987
2009-11-30,5.5639,,6.679,7.0125,4.5567
2009-12-31,5.6221,13.58,6.6735,7.075,4.6064
2010-01-31,5.6162,,6.7721,7.0492,4.7003
2010-02-28,5.6263,,6.7995,7.0467,4.7585
2010-03-31,5.6737,13.33,6.9637,7.0642,4.6942
2010-04-30,5.6128,,6.9911,7.0692,4.7298
2010-05-31,5.6248,,6.961,7.0125,4.7632
2010-06-30,5.6672,13.53,6.9172,7.0725,4.8066
2010-07-31,5.6765,,7.0329,7.0475,4.822
2010-08-31,5.7192,,6.9665,7.0483,4.8476
2010-09-30,5.7812,13.4,7.0219,7.1592,4.8816
2010-10-31,5.7737,,7.0903,7.095,4.8953
2010-11-30,5.793,,7.167,7.13,4.9074
2010-12-31,5.8379,13.48,7.1862,7.2025,4.9109
2011-01-31,5.8559,,7.2382,7.0742,4.9307
2011-02-28,5.8485,,7.2245,7.1133,4.9847
2011-03-31,5.9273,13.63,7.1369,7.1625,5.0299
2011-04-30,5.8431,,7.2355,7.08,5.0969
2011-05-31,5.8503,,7.1916,7.0892,5.1194
2011-06-30,5.89,13.54,7.104,7.0867,5.165
2011-07-31,5.8853,,7.2136,7.0408,5.1912
2011-08-31,5.8801,,7.1369,7.0417,5.1994
2011-09-30,5.9097,13.66,7.1752,7.1125,5.2092
2011-10-31,5.9455,,7.1971,6.9975,5.2152
2011-11-30,5.9096,,7.1506,6.9958,5.2248
2011-12-31,6.0069,13.71,7.1561,6.9883,5.2327
2012-01-31,6.0457,,7.219,6.8075,5.2389
2012-02-29,6.0673,,7.167,6.8383,5.2543
2012-03-31,6.1005,13.94,7.0986,6.8325,5.2445
2012-04-30,6.0206,,7.1533,6.8383,5.2898
2012-05-31,6.0144,,7.0767,6.7525,5.3205
2012-06-30,6.099,14.18,7.0192,6.7008,5.3535
2012-07-31,6.1189,,7.0849,6.6858,5.3711
2012-08-31,6.1038,,7.0356,6.6517,5.3492
2012-09-30,6.1529,14.15,7.0821,6.5817,5.3843
2012-10-31,6.1621,,,6.5258,5.3853
2012-11-30,6.1275,,7.1177,6.4892,5.3762
2012-12-31,6.162,14.07,7.1013,6.6158,5.4015
2013-01-31,6.21,,7.1369,6.52,5.4131
2013-02-28,6.2696,,7.1068,6.5375,5.3917
2013-03-31,6.3107,14.22,7.0055,6.4717,5.3773
2013-04-30,6.2721,,7.1205,6.47,5.4232
2013-05-31,6.2534,,7.0383,6.475,5.4857
2013-06-30,6.3129,14.21,6.9747,6.4633,5.5208
2013-07-31,6.3562,,7.0876,6.4517,5.5282
2013-08-31,6.3642,,7.0192,6.4708,5.5143
2013-09-30,6.4239,14.5,7.0301,6.4358,5.5565
2013-10-31,6.4223,,7.0931,6.3625,5.5585
2013-11-30,6.4321,,7.0575,6.3508,5.5526
2013-12-31,6.4843,14.42,7.0137,6.4325,5.5483
2014-01-31,6.5012,,7.0986,6.3767,5.6039
2014-02-28,6.5018,,,6.3325,5.5811
2014-03-31,6.5478,14.44,6.9391,6.32,5.5568
2014-04-30,6.4652,,,6.315,5.6338
2014-05-31,6.4849,,6.9665,6.3175,5.6752
2014-06-30,6.5735,14.37,6.9391,6.3292,5.7022
2014-07-31,6.5871,,7.0301,6.31,5.7003
2014-08-31,6.592,,6.9582,6.3292,5.6971
2014-09-30,6.6772,14.51,6.9938,6.3858,5.7048
2014-10-31,6.6634,,7.052,6.3392,5.7079
2014-11-30,6.6624,,7.0027,6.3275,5.7215
2014-12-31,6.8386,14.38,6.9938,6.385,5.6946
2015-01-31,6.7482,,7.0465,6.3858,5.7334
2015-02-28,6.7523,,7.0246,6.4042,5.746
2015-03-31,6.7803,14.44,6.9528,6.4533,5.7313
2015-04-30,6.7428,,7.0192,6.4608,5.7595
2015-05-31,6.7611,,6.9911,6.395,5.7782
2015-06-30,6.8918,14.21,6.9774,6.4558,5.7993
2015-07-31,6.9054,,7.104,6.4775,5.782
2015-08-31,6.9397,,7.0876,6.485,5.7977
2015-09-30,7.0444,14.47,7.0465,6.4758,5.8172
2015-10-31,7.0339,,7.1259,6.4225,5.8633
2015-11-30,7.0289,,7.1287,6.415,5.7569
2015-12-31,7.2225,14.36,7.1287,6.5183,5.7359
2016-01-31,7.041,,7.0958,6.4342,5.7756
2016-02-29,7.2101,,7.1834,6.4925,5.7645
2016-03-31,7.3228,14.66,7.0903,6.4558,5.734
2016-04-30,7.3018,,7.2957,6.55,5.8122
2016-05-31,7.2879,,7.2327,6.5542,5.8253
2016-06-30,7.3913,14.56,7.2218,6.525,5.8375
2016-07-31,7.3687,,7.3669,6.5142,5.8557
2016-08-31,7.343,,7.3614,6.5833,5.8174
2016-09-30,7.4426,14.95,7.3395,6.6383,5.8098
2016-10-31,7.4251,,7.5038,6.7558,5.7818
2016-11-30,7.4251,,7.5366,6.755,5.759
2016-12-31,7.5179,14.82,7.5339,6.755,5.7775
2017-01-31,7.5014,,7.5886,6.6892,5.8103
2017-02-28,7.4901,,7.6105,6.7642,5.8421
2017-03-31,7.6013,14.91,7.5339,6.7458,5.8359
2017-04-30,7.5837,,7.6051,6.75,5.8812
2017-05-31,7.5788,,7.6352,6.7892,5.8887
2017-06-30,7.6701,14.86,7.6242,6.8908,5.9012
2017-07-31,7.6775,,7.742,6.835,5.8966
2017-08-31,7.6538,,7.7118,6.8717,5.9168
2017-09-30,7.7549,15.15,7.7036,6.8583,5.8923
2017-10-31,7.7385,,7.835,6.8417,5.8716
2017-11-30,7.7242,,7.8378,6.92,5.8384
2017-12-31,7.8208,15.06,7.8104,6.9008,5.8332
2018-01-31,7.8171,,7.7529,6.9067,5.8321
2018-02-28,7.7984,,7.8487,6.955,5.8241
2018-03-31,7.9229,15.22,7.7885,6.9125,5.7464
2018-04-30,7.8941,,7.8816,6.9017,5.8033
2018-05-31,7.8747,,7.9199,6.8742,5.8169
2018-06-30,7.9831,15.11,7.8706,6.875,5.8296
2018-07-31,7.9669,,7.9008,6.8058,5.8102
2018-08-31,7.935,,7.8898,6.8125,5.7668
2018-09-30,8.048,15.22,7.846,6.7942,5.8003
2018-10-31,8.0138,,7.9418,6.7783,5.7885
2018-11-30,7.9887,,7.9692,6.7333,5.7649
2018-12-31,8.0579,15.13,7.9199,6.7808,5.7626
2019-01-31,8.0315,,,6.7275,5.7864
2019-02-28,8.0052,,7.9802,6.8192,5.7921
2019-03-31,8.121,15.22,7.9473,6.8242,5.7546
2019-04-30,8.0852,,8.0411,6.7808,5.7988
2019-05-31,8.0616,,8.0739,6.81,5.8342
2019-06-30,8.1523,14.98,8.0411,6.7867,5.8627
2019-07-31,8.1347,,8.0329,6.7642,5.8735
2019-08-31,8.0896,,7.9637,6.7275,5.8842
2019-09-30,8.2164,15.35,7.9418,6.81,5.8412
2019-10-31,8.1741,,8.1123,6.8692,5.8049
2019-11-30,8.1531,,8.1971,6.8558,5.8214
2019-12-31,8.2395,15.17,8.1725,6.8683,5.8214
2020-01-31,8.2148,,8.1533,6.8575,5.8338
2020-02-29,8.1745,,8.2601,6.8942,5.8296
2020-03-31,8.2778,15.16,8.1807,6.9583,5.7702
2020-04-30,8.2038,,8.1232,6.9567,5.3815
2020-05-31,8.1037,,8.0548,6.8683,5.2516
2020-06-30,7.9868,14.95,7.9719,6.8683,5.1528
2020-07-31,7.8572,,8.0411,6.8133,5.1841
2020-08-31,7.7937,,8.0164,6.735,5.2544
2020-09-30,7.8899,15.05,8.0329,6.7933,5.2816
2020-10-31,7.8142,,8.1752,6.92,5.3075
2020-11-30,7.779,,8.2136,6.9492,5.3736
2020-12-31,7.8523,14.74,8.1999,6.95,5.3803
2021-01-31,7.8278,,8.3285,6.9042,5.4102
2021-02-28,7.8104,,8.3723,6.9067,5.491
2021-03-31,7.943,14.83,8.3696,6.965,5.5609
2021-04-30,7.9102,,8.4627,7.0567,5.6319
2021-05-31,7.8947,,8.4983,7.0642,5.714
2021-06-30,8.0043,14.83,8.4956,7.1058,5.7565
2021-07-31,8.0158,,8.512,7.0158,5.8225
2021-08-31,8.0259,,8.4298,6.995,5.9007
2021-09-30,8.1377,14.8,8.3778,7.0633,5.9914
2021-10-31,8.1186,,8.4819,7.0833,5.9639
2021-11-30,8.1145,,8.4381,7.125,6.0265
2021-12-31,8.2107,14.7,8.4189,7.1142,6.0267
2022-01-31,8.1838,,8.3888,7.0983,5.9999
2022-02-28,8.129,,8.4408,7.0433,6.022
2022-03-31,8.1702,14.86,8.386,7.0192,6.048
2022-04-30,8.1116,,8.5229,7.0608,6.0988
2022-05-31,8.0765,,8.5832,7.0967,6.1637
2022-06-30,8.1643,14.74,8.5366,7.0858,6.1894
2022-07-31,8.161,,8.6051,7.0467,6.218
2022-08-31,8.1642,,8.5394,7.0217,6.1944
2022-09-30,8.2788,14.9,8.5202,7.1217,6.2035
2022-10-31,8.2567,,8.6133,7.0367,6.1981
2022-11-30,8.2517,,8.5695,7.075,6.1866
2022-12-31,8.3397,14.67,8.5038,7.0408,6.2038
2023-01-31,8.3122,,8.4983,7.0492,6.1643
2023-02-28,8.2762,,8.5175,7.0217,6.1811
2023-03-31,8.3684,14.54,8.5366,7.0233,6.1697
2023-04-30,8.328,,8.4956,6.9808,6.2338
2023-05-31,8.3047,,8.5695,7.0317,6.2426
2023-06-30,8.4009,14.3,8.5038,6.9575,6.1175
2023-07-31,8.3963,,8.5202,6.9342,6.0664
2023-08-31,8.372,,8.4627,6.945,6.0379
2023-09-30,8.4948,14.49,8.4353,6.98,5.9888
2023-10-31,8.4666,,8.5175,6.97,5.9517
2023-11-30,8.4445,,8.5366,7.0067,5.9268
2023-12-31,8.5205,14.23,8.46,6.9717,5.9157
2024-01-31,8.4939,,8.449,7.0375,5.9116
2024-02-29,8.4506,,8.4901,7.025,5.8919
2024-03-31,8.5475,14.3,8.5804,7.0092,5.8775
2024-04-30,8.3648,,8.5284,6.9975,5.9266
2024-05-31,8.4047,,8.5969,7.0333,5.9458
2024-06-30,8.5178,14.23,8.5147,6.9508,5.9567
2024-07-31,8.5675,,8.5175,6.9425,5.9368
2024-08-31,8.5333,,8.4736,6.8908,5.9145
2024-09-30,8.5976,14.24,8.4408,6.9783,5.9261
2024-10-31,8.5695,,8.4244,6.9983,5.8974
2024-11-30,8.5775,,8.4901,6.965,5.8737
2024-12-31,8.63,13.97,8.4709,7.0008,5.8978
2025-01-31,8.6386,,8.4654,6.9925,5.8816
2025-02-28,8.6137,,8.5366,7.0008,5.9121
2025-03-31,8.6717,14.02,8.616,7.0308,5.9411
2025-04-30,8.557,,8.5695,7.01,5.9737
2025-05-31,8.5289,,8.6434,7.0458,6.0026
2025-06-30,8.6455,13.94,8.5996,7.0192,6.0259
2025-07-31,8.6066,,8.5448,7.0058,5.9918
2025-08-31,8.5882,,8.4873,6.9475,5.9319
2025-09-30,8.6498,13.74,8.4736,7.0142,5.906
2025-10-31,8.5946,,8.4736,6.9225,5.8694
2025-11-30,8.5605,,8.512,6.9317,5.8516
2025-12-31,8.6295,13.46,8.5038,6.9225,5.8668
2026-01-31,8.6513,,8.46,6.9583,5.8868
2026-02-28,8.6199,,8.5503,6.965,5.8618
2026-03-31,8.6618,13.4,8.5092,6.9383,5.8453
2026-04-30,8.5177,,8.5092,6.995,5.9036
2026-05-31,8.5495,,8.5476,6.9617,5.8863
2026-06-30,8.6227,,8.4928,6.9542,5.883
2026-07-31,,,,,5.8362
